Fecha;Humedad Media
25/07/2000;61.08
26/07/2000;68.07
27/07/2000;60.81
27/07/2000;60.81
27/07/2000;60.81
27/07/2000;60.81
27/07/2000;60.81
28/07/2000;61.8
29/07/2000;60.01
30/07/2000;52.1
31/07/2000;46.32
01/08/2000;53.85
02/08/2000;65.74
03/08/2000;66.85
04/08/2000;66.2
05/08/2000;69.43
06/08/2000;60.12
07/08/2000;58.03
08/08/2000;51.42
09/08/2000;46.64
10/08/2000;42.67
11/08/2000;64.22
12/08/2000;72.3
13/08/2000;60.24
14/08/2000;59.87
15/08/2000;57.75
16/08/2000;58.03
17/08/2000;62.78
18/08/2000;57.21
19/08/2000;45.93
20/08/2000;48.4
21/08/2000;54.78
22/08/2000;46.88
23/08/2000;55.96
24/08/2000;47.33
25/08/2000;53.78
26/08/2000;65.49
27/08/2000;61.05
28/08/2000;56.88
29/08/2000;48.26
30/08/2000;61.16
31/08/2000;58.18
01/09/2000;56.53
02/09/2000;61.83
03/09/2000;63.91
04/09/2000;63.15
05/09/2000;55.26
06/09/2000;51.02
07/09/2000;53.71
08/09/2000;40.8
09/09/2000;47.5
10/09/2000;51.85
11/09/2000;66.25
12/09/2000;64.89
13/09/2000;53.29
14/09/2000;45.58
15/09/2000;45.7
16/09/2000;52.56
17/09/2000;68.86
18/09/2000;65.67
19/09/2000;69.64
20/09/2000;70.3
21/09/2000;70.9
22/09/2000;65.02
23/09/2000;49.75
24/09/2000;70.9
25/09/2000;66.48
26/09/2000;65.22
27/09/2000;70.2
28/09/2000;80
29/09/2000;77
30/09/2000;75.7
01/10/2000;81.1
02/10/2000;75.1
03/10/2000;62.33
04/10/2000;61.69
05/10/2000;74.3
06/10/2000;68.61
07/10/2000;55.08
08/10/2000;55.88
09/10/2000;58.63
10/10/2000;68.87
11/10/2000;85.1
12/10/2000;83.9
13/10/2000;83.3
14/10/2000;79.8
15/10/2000;94.6
16/10/2000;80.3
17/10/2000;73.6
18/10/2000;70.7
19/10/2000;82.3
20/10/2000;85.2
21/10/2000;90.8
22/10/2000;81.8
23/10/2000;86.9
24/10/2000;77.1
25/10/2000;78.8
26/10/2000;84.1
27/10/2000;83.5
28/10/2000;79.7
29/10/2000;74.3
30/10/2000;82.2
31/10/2000;80.1
01/11/2000;86.4
02/11/2000;86.9
03/11/2000;76.2
04/11/2000;84.3
05/11/2000;91.8
06/11/2000;72.4
07/11/2000;75.6
08/11/2000;81
09/11/2000;85.1
10/11/2000;80.6
11/11/2000;74.5
12/11/2000;80.9
13/11/2000;86.4
14/11/2000;90.2
15/11/2000;91.3
16/11/2000;94.4
17/11/2000;88
18/11/2000;85.8
19/11/2000;93
20/11/2000;85.7
21/11/2000;87
22/11/2000;88.2
23/11/2000;79.3
24/11/2000;93.7
25/11/2000;89.6
26/11/2000;85.9
27/11/2000;85.3
28/11/2000;69.7
29/11/2000;84.5
30/11/2000;83.4
01/12/2000;86.7
02/12/2000;85
03/12/2000;87
04/12/2000;84.1
05/12/2000;81.9
06/12/2000;85.1
07/12/2000;74.7
08/12/2000;83.2
09/12/2000;84.2
10/12/2000;82
11/12/2000;82.5
12/12/2000;67.25
13/12/2000;81.2
14/12/2000;84.9
15/12/2000;83
16/12/2000;89.5
17/12/2000;87.3
18/12/2000;87.2
19/12/2000;75
20/12/2000;68.28
21/12/2000;72.1
22/12/2000;75.9
23/12/2000;81.9
24/12/2000;84.9
25/12/2000;87.3
26/12/2000;83.7
27/12/2000;83.9
28/12/2000;86.7
29/12/2000;84.9
30/12/2000;81.2
31/12/2000;87.6
01/01/2001;82
02/01/2001;81.3
03/01/2001;86.5
04/01/2001;80.1
05/01/2001;84.5
06/01/2001;87.7
07/01/2001;85.8
08/01/2001;88.6
09/01/2001;74.7
10/01/2001;85.3
11/01/2001;92.4
12/01/2001;86.1
13/01/2001;90.6
14/01/2001;89.1
15/01/2001;87.2
16/01/2001;90.7
17/01/2001;81.5
18/01/2001;88.8
19/01/2001;91.4
20/01/2001;91.5
21/01/2001;89.7
22/01/2001;86.5
23/01/2001;82.2
25/01/2001;85.9
26/01/2001;89.4
27/01/2001;87.1
28/01/2001;84
29/01/2001;84
30/01/2001;79.4
31/01/2001;88.5
01/02/2001;86
02/02/2001;88.8
03/02/2001;85.7
04/02/2001;85
05/02/2001;83.4
07/02/2001;84.1
08/02/2001;80.6
09/02/2001;87.1
10/02/2001;92.7
11/02/2001;87.1
12/02/2001;84
13/02/2001;82.6
14/02/2001;83.6
15/02/2001;76.7
16/02/2001;76.2
17/02/2001;73.5
18/02/2001;75.3
19/02/2001;78.4
20/02/2001;67.05
21/02/2001;65.93
22/02/2001;72.3
23/02/2001;71.5
24/02/2001;75.5
25/02/2001;73.8
26/02/2001;68.12
27/02/2001;64.75
28/02/2001;66.52
01/03/2001;87.4
02/03/2001;86.4
03/03/2001;84.4
04/03/2001;86.9
05/03/2001;77.8
06/03/2001;75.2
07/03/2001;77.9
08/03/2001;86.2
09/03/2001;86.8
10/03/2001;84.8
11/03/2001;81.6
12/03/2001;83.4
13/03/2001;75.8
14/03/2001;79.4
15/03/2001;67.47
16/03/2001;68.38
17/03/2001;74.8
18/03/2001;79.5
19/03/2001;83.6
20/03/2001;80
21/03/2001;76.8
22/03/2001;73.7
23/03/2001;55.54
24/03/2001;68.6
25/03/2001;80.6
26/03/2001;85.5
27/03/2001;78.4
28/03/2001;75.2
29/03/2001;66.91
30/03/2001;80.7
31/03/2001;68.96
01/04/2001;65.44
02/04/2001;66.84
03/04/2001;70.9
04/04/2001;78.4
05/04/2001;77.7
06/04/2001;77.8
07/04/2001;61.44
08/04/2001;66.98
09/04/2001;62.53
10/04/2001;63.97
11/04/2001;64.27
12/04/2001;64.15
13/04/2001;64.41
14/04/2001;50.59
15/04/2001;47.85
16/04/2001;65.24
17/04/2001;60.4
18/04/2001;61.55
19/04/2001;63.9
20/04/2001;67.73
21/04/2001;67.08
22/04/2001;74.5
23/04/2001;79
24/04/2001;73.8
25/04/2001;70.7
26/04/2001;67.07
27/04/2001;70.4
28/04/2001;63.11
29/04/2001;58.08
30/04/2001;78.4
01/05/2001;73.6
02/05/2001;70.9
03/05/2001;77.8
04/05/2001;82.6
05/05/2001;73.2
06/05/2001;73.7
07/05/2001;67.35
08/05/2001;74.3
09/05/2001;75.8
10/05/2001;78.2
11/05/2001;75.6
12/05/2001;63.52
13/05/2001;62.56
14/05/2001;74
15/05/2001;69.81
16/05/2001;73.9
17/05/2001;78.6
18/05/2001;65.56
19/05/2001;60.55
20/05/2001;62.77
21/05/2001;64.08
22/05/2001;69.6
23/05/2001;68.12
24/05/2001;61.18
25/05/2001;58.43
26/05/2001;55.96
27/05/2001;52.51
28/05/2001;51.38
29/05/2001;49.58
30/05/2001;43.16
31/05/2001;59.22
01/06/2001;55.29
02/06/2001;46.68
03/06/2001;51.28
04/06/2001;52.43
05/06/2001;56.82
06/06/2001;57.04
07/06/2001;52.24
08/06/2001;52.4
09/06/2001;70.7
10/06/2001;73.7
11/06/2001;55.51
12/06/2001;51.14
13/06/2001;51.55
14/06/2001;54.13
15/06/2001;50.41
16/06/2001;53.95
17/06/2001;59.51
18/06/2001;51.2
19/06/2001;43.5
20/06/2001;40.88
21/06/2001;40.12
22/06/2001;40.52
23/06/2001;56.1
24/06/2001;43.43
25/06/2001;38.14
26/06/2001;44.7
27/06/2001;59.47
28/06/2001;50.96
29/06/2001;42.08
30/06/2001;49.59
01/07/2001;46.78
02/07/2001;50.11
03/07/2001;51.45
04/07/2001;68.18
05/07/2001;72.5
06/07/2001;83.8
07/07/2001;69.67
08/07/2001;63.92
09/07/2001;70.6
10/07/2001;59.83
11/07/2001;58.64
12/07/2001;55.47
13/07/2001;57.31
14/07/2001;73.6
15/07/2001;65.46
16/07/2001;52.13
17/07/2001;57.01
18/07/2001;47.23
19/07/2001;58.22
20/07/2001;52.71
21/07/2001;45.87
22/07/2001;46.2
23/07/2001;61.7
24/07/2001;64.27
25/07/2001;58.23
26/07/2001;58.43
27/07/2001;67.97
28/07/2001;71
29/07/2001;53.97
30/07/2001;53.2
31/07/2001;39.36
01/08/2001;30.04
02/08/2001;59.66
03/08/2001;56.84
04/08/2001;59.86
05/08/2001;51.63
06/08/2001;51.42
07/08/2001;46.66
08/08/2001;55.53
09/08/2001;61.45
10/08/2001;57.06
11/08/2001;47.76
12/08/2001;49.03
13/08/2001;59.59
14/08/2001;61.65
15/08/2001;49.49
16/08/2001;69.47
17/08/2001;57.14
18/08/2001;47.88
19/08/2001;54.27
20/08/2001;60.31
21/08/2001;52.24
22/08/2001;48.83
23/08/2001;43.24
24/08/2001;39.64
25/08/2001;39.65
26/08/2001;64.59
27/08/2001;51.13
28/08/2001;57.35
29/08/2001;65.55
30/08/2001;64.44
31/08/2001;61.12
01/09/2001;56.15
02/09/2001;52.77
03/09/2001;55.18
04/09/2001;64.46
05/09/2001;55.31
06/09/2001;58.74
07/09/2001;62.89
08/09/2001;59.12
09/09/2001;61.07
10/09/2001;55.1
11/09/2001;50.92
12/09/2001;47.03
13/09/2001;44.84
14/09/2001;58.06
15/09/2001;58.08
16/09/2001;61.81
17/09/2001;60.94
18/09/2001;60.24
19/09/2001;57.44
20/09/2001;58.76
21/09/2001;58.69
22/09/2001;79.6
23/09/2001;83.9
24/09/2001;82.1
25/09/2001;76.8
26/09/2001;65.81
27/09/2001;65.75
28/09/2001;78.7
29/09/2001;81.1
30/09/2001;72.6
01/10/2001;73.2
02/10/2001;67.79
03/10/2001;83.2
04/10/2001;65.57
05/10/2001;70.5
06/10/2001;83.8
07/10/2001;76
08/10/2001;74.1
09/10/2001;81.8
10/10/2001;70.8
11/10/2001;66.8
12/10/2001;66.62
13/10/2001;71.8
14/10/2001;69.13
15/10/2001;77.7
16/10/2001;73.2
17/10/2001;74.4
18/10/2001;77.7
19/10/2001;87.9
20/10/2001;83.4
21/10/2001;77.9
22/10/2001;75.8
23/10/2001;81.4
24/10/2001;80.1
25/10/2001;78
26/10/2001;78.9
27/10/2001;71.9
28/10/2001;58.11
29/10/2001;55.72
30/10/2001;65.63
31/10/2001;75.9
01/11/2001;60.77
02/11/2001;57.39
03/11/2001;75.1
04/11/2001;78.1
05/11/2001;76.4
06/11/2001;67.84
07/11/2001;77.3
08/11/2001;82.8
09/11/2001;86.4
10/11/2001;78.2
11/11/2001;72.6
12/11/2001;85.9
13/11/2001;84.5
14/11/2001;84.4
15/11/2001;80.3
16/11/2001;79.3
17/11/2001;77.4
18/11/2001;91
19/11/2001;88.2
20/11/2001;85.1
21/11/2001;80
22/11/2001;84.3
23/11/2001;75.8
24/11/2001;67.08
25/11/2001;74.1
26/11/2001;84.6
27/11/2001;75.1
28/11/2001;77.6
29/11/2001;81
30/11/2001;82.8
01/12/2001;88.1
02/12/2001;85.7
03/12/2001;79.9
04/12/2001;82.3
05/12/2001;82.6
06/12/2001;84.9
07/12/2001;93.4
08/12/2001;90.3
09/12/2001;77.9
10/12/2001;68.47
11/12/2001;71.5
12/12/2001;75.3
13/12/2001;78
14/12/2001;71.8
15/12/2001;75
16/12/2001;74.6
17/12/2001;69.01
18/12/2001;72.9
19/12/2001;68.58
20/12/2001;74.4
21/12/2001;70.4
22/12/2001;72.3
23/12/2001;76.1
24/12/2001;62.49
25/12/2001;61.18
26/12/2001;72.9
27/12/2001;77.4
28/12/2001;75.8
29/12/2001;60.22
30/12/2001;77.7
31/12/2001;93.2
01/01/2002;89.1
02/01/2002;83.4
03/01/2002;87.7
04/01/2002;84.7
05/01/2002;75.5
06/01/2002;81.6
07/01/2002;85.9
08/01/2002;79.1
09/01/2002;79.3
10/01/2002;84.8
11/01/2002;82.8
12/01/2002;81.1
13/01/2002;92.4
14/01/2002;91.6
15/01/2002;91.7
16/01/2002;89.3
17/01/2002;86
18/01/2002;92.6
19/01/2002;88.5
20/01/2002;80.4
21/01/2002;75.7
22/01/2002;83
23/01/2002;80.3
24/01/2002;80.3
25/01/2002;82.8
26/01/2002;79
27/01/2002;79.2
28/01/2002;84.1
29/01/2002;83.6
30/01/2002;71.2
31/01/2002;79.5
01/02/2002;73
02/02/2002;46.1
03/02/2002;59.39
04/02/2002;83.5
05/02/2002;83.3
06/02/2002;79
07/02/2002;84
08/02/2002;83.2
09/02/2002;84.1
10/02/2002;86.4
11/02/2002;87
12/02/2002;76.4
13/02/2002;71.5
14/02/2002;74.3
15/02/2002;74.6
16/02/2002;80.8
17/02/2002;80.9
18/02/2002;75.1
19/02/2002;73
20/02/2002;74.3
21/02/2002;69.01
22/02/2002;73.2
23/02/2002;75.9
24/02/2002;75.8
25/02/2002;73.2
26/02/2002;73.9
27/02/2002;76.9
28/02/2002;79
01/03/2002;81.6
02/03/2002;75.9
03/03/2002;70.7
04/03/2002;80.6
05/03/2002;75.7
06/03/2002;79.9
07/03/2002;81.2
08/03/2002;73.1
09/03/2002;77.2
10/03/2002;69.67
11/03/2002;62.35
12/03/2002;62.73
13/03/2002;70.8
14/03/2002;80.3
15/03/2002;79.1
16/03/2002;83
17/03/2002;83.6
18/03/2002;81.3
19/03/2002;84.3
20/03/2002;79.1
21/03/2002;68.88
22/03/2002;59.14
23/03/2002;57.73
24/03/2002;52.59
25/03/2002;36.9
26/03/2002;39.54
27/03/2002;53.53
28/03/2002;56.5
29/03/2002;61.93
30/03/2002;69.44
31/03/2002;58.05
01/04/2002;48.08
02/04/2002;49.12
03/04/2002;80.4
04/04/2002;72.5
05/04/2002;78.9
06/04/2002;79
07/04/2002;71.3
08/04/2002;70.3
09/04/2002;76.4
10/04/2002;81.7
11/04/2002;84
12/04/2002;82.3
13/04/2002;75
14/04/2002;69.04
15/04/2002;76.2
16/04/2002;70.5
17/04/2002;66.42
18/04/2002;70.2
19/04/2002;67.7
20/04/2002;60.92
21/04/2002;54.22
22/04/2002;48.73
23/04/2002;54.27
24/04/2002;53.93
25/04/2002;56.41
26/04/2002;54.54
27/04/2002;55.53
28/04/2002;54.84
29/04/2002;69.26
30/04/2002;48.69
01/05/2002;55.09
02/05/2002;74.7
03/05/2002;70
04/05/2002;62.09
05/05/2002;64.96
06/05/2002;63.86
07/05/2002;75.1
08/05/2002;88.2
09/05/2002;80.4
10/05/2002;71.9
11/05/2002;72.7
12/05/2002;68.62
13/05/2002;68.05
14/05/2002;69.61
15/05/2002;58.18
16/05/2002;45.98
17/05/2002;60.59
18/05/2002;59.27
19/05/2002;59.93
20/05/2002;50.02
21/05/2002;51.76
22/05/2002;70.5
23/05/2002;60.13
24/05/2002;61.55
25/05/2002;53.07
26/05/2002;64.15
27/05/2002;59
28/05/2002;57.36
29/05/2002;69.27
30/05/2002;56.02
31/05/2002;55
01/06/2002;58.73
02/06/2002;55.99
03/06/2002;65.95
04/06/2002;62.98
05/06/2002;79.2
06/06/2002;86.6
07/06/2002;83.2
08/06/2002;72.6
09/06/2002;67.34
10/06/2002;63.17
11/06/2002;55.39
12/06/2002;45.81
13/06/2002;44.59
14/06/2002;39.15
15/06/2002;48.11
16/06/2002;46.06
17/06/2002;34.29
18/06/2002;55.42
19/06/2002;57.84
20/06/2002;59.77
21/06/2002;51.66
22/06/2002;47.26
23/06/2002;63.08
24/06/2002;70.7
25/06/2002;61.59
26/06/2002;41.63
27/06/2002;49.4
28/06/2002;60.37
29/06/2002;74.1
30/06/2002;65.84
01/07/2002;54.09
02/07/2002;52.32
03/07/2002;52.35
04/07/2002;56.58
05/07/2002;54.62
06/07/2002;58.42
07/07/2002;47.75
08/07/2002;62.71
09/07/2002;72.6
10/07/2002;69.37
11/07/2002;58.46
12/07/2002;59.87
13/07/2002;53.24
14/07/2002;52.82
15/07/2002;60
16/07/2002;55.63
17/07/2002;50.08
18/07/2002;45.35
19/07/2002;34.88
20/07/2002;55.02
21/07/2002;55.46
22/07/2002;56.56
23/07/2002;66.34
24/07/2002;58.6
25/07/2002;61.22
26/07/2002;53.9
27/07/2002;43.68
28/07/2002;53.16
29/07/2002;57.78
30/07/2002;65.74
31/07/2002;59.08
01/08/2002;48.14
02/08/2002;50.99
03/08/2002;52.32
04/08/2002;51.08
05/08/2002;59.18
06/08/2002;61.66
07/08/2002;57.93
08/08/2002;61.64
09/08/2002;64.39
10/08/2002;69.13
11/08/2002;62.38
12/08/2002;63.12
13/08/2002;51.24
14/08/2002;42.82
15/08/2002;52.85
16/08/2002;54.53
17/08/2002;50.83
18/08/2002;47.71
19/08/2002;47.82
20/08/2002;57.85
21/08/2002;60.42
22/08/2002;65.47
23/08/2002;69.8
24/08/2002;80.7
25/08/2002;81.4
26/08/2002;67.23
27/08/2002;65.97
28/08/2002;71.6
29/08/2002;70
30/08/2002;60.71
31/08/2002;63.21
01/09/2002;61.97
02/09/2002;58.33
03/09/2002;59.86
04/09/2002;66.29
05/09/2002;65.3
06/09/2002;61.79
07/09/2002;61.64
08/09/2002;79.7
09/09/2002;73.3
10/09/2002;63.1
11/09/2002;60.35
12/09/2002;59.61
13/09/2002;58.06
14/09/2002;58.4
15/09/2002;59.04
16/09/2002;67.63
17/09/2002;64.82
18/09/2002;72.1
19/09/2002;76.4
20/09/2002;80.3
21/09/2002;82.9
22/09/2002;76.1
23/09/2002;68.34
24/09/2002;64.38
25/09/2002;58.76
26/09/2002;58.48
27/09/2002;60.73
28/09/2002;60.17
29/09/2002;56.23
30/09/2002;66.35
01/10/2002;86.3
02/10/2002;82.6
03/10/2002;77.1
04/10/2002;73.2
05/10/2002;74.6
06/10/2002;63
07/10/2002;64.86
08/10/2002;73.9
09/10/2002;87.4
10/10/2002;82.5
11/10/2002;77.4
12/10/2002;81.5
13/10/2002;80.1
14/10/2002;73.1
15/10/2002;84.4
16/10/2002;85
17/10/2002;79
18/10/2002;76.6
19/10/2002;65.83
20/10/2002;65.88
21/10/2002;78.5
22/10/2002;78.5
23/10/2002;72
24/10/2002;86.6
25/10/2002;79.9
26/10/2002;80
27/10/2002;85.1
28/10/2002;76.3
29/10/2002;63.98
30/10/2002;83.9
31/10/2002;88.7
01/11/2002;86.8
02/11/2002;84.2
03/11/2002;81.1
04/11/2002;80
05/11/2002;83.3
06/11/2002;82.6
07/11/2002;70
08/11/2002;74.1
09/11/2002;70.9
10/11/2002;89.8
11/11/2002;89.4
12/11/2002;75.4
13/11/2002;78.9
14/11/2002;83.2
15/11/2002;85.6
16/11/2002;86.2
17/11/2002;83.8
18/11/2002;89.3
19/11/2002;85.3
20/11/2002;78.7
21/11/2002;80.1
22/11/2002;85.6
23/11/2002;85.8
24/11/2002;86.7
25/11/2002;83.2
26/11/2002;83
27/11/2002;81.2
28/11/2002;79.8
29/11/2002;82.9
30/11/2002;85.8
01/12/2002;89.8
02/12/2002;82.8
03/12/2002;85.2
04/12/2002;91.9
05/12/2002;80.3
06/12/2002;82.5
07/12/2002;83.9
08/12/2002;84.7
09/12/2002;78.2
10/12/2002;83.9
11/12/2002;84.3
12/12/2002;83.6
13/12/2002;80.7
14/12/2002;79.1
15/12/2002;87.2
16/12/2002;78.9
17/12/2002;84.2
18/12/2002;85.9
19/12/2002;88.2
20/12/2002;89.7
21/12/2002;89.9
22/12/2002;89.5
23/12/2002;77.8
24/12/2002;85.8
25/12/2002;81.1
26/12/2002;76.1
27/12/2002;79
28/12/2002;78.1
29/12/2002;82.9
30/12/2002;83.5
31/12/2002;87.5
01/01/2003;88.5
02/01/2003;84.4
03/01/2003;80.5
04/01/2003;80.6
05/01/2003;89.2
06/01/2003;86.4
07/01/2003;91.5
08/01/2003;84
09/01/2003;83.8
10/01/2003;75.6
11/01/2003;84.6
12/01/2003;74.8
13/01/2003;67.05
14/01/2003;73.6
15/01/2003;81.5
16/01/2003;83.9
17/01/2003;85.9
18/01/2003;88.8
19/01/2003;79.8
20/01/2003;81.2
21/01/2003;79.4
22/01/2003;87.5
23/01/2003;83.5
24/01/2003;78.6
25/01/2003;65.19
26/01/2003;84
27/01/2003;80.9
28/01/2003;79.9
29/01/2003;92
30/01/2003;82.7
31/01/2003;89.4
01/02/2003;78.2
02/02/2003;87
03/02/2003;86.2
04/02/2003;78.2
05/02/2003;78.8
06/02/2003;80.3
07/02/2003;82.9
08/02/2003;79.1
09/02/2003;91.3
10/02/2003;87.2
11/02/2003;84
12/02/2003;76.2
13/02/2003;77.6
14/02/2003;78.1
15/02/2003;72.1
16/02/2003;69.66
17/02/2003;70.8
18/02/2003;69.72
19/02/2003;90.7
20/02/2003;89.8
21/02/2003;75.7
22/02/2003;79.3
23/02/2003;82.4
24/02/2003;76.4
25/02/2003;82.3
26/02/2003;79
27/02/2003;80.1
28/02/2003;80.4
01/03/2003;82.4
02/03/2003;79.7
03/03/2003;81.8
04/03/2003;82
05/03/2003;82
06/03/2003;77.9
07/03/2003;78.7
08/03/2003;74.1
09/03/2003;71.6
10/03/2003;64.35
11/03/2003;56.15
12/03/2003;58.83
13/03/2003;64.43
14/03/2003;62.79
15/03/2003;70.5
16/03/2003;62.76
17/03/2003;44.49
18/03/2003;43.31
19/03/2003;51.66
20/03/2003;54.74
21/03/2003;52.64
22/03/2003;62.54
23/03/2003;80.5
24/03/2003;63.03
25/03/2003;66.17
26/03/2003;65.66
27/03/2003;81.4
28/03/2003;88.2
29/03/2003;74.4
30/03/2003;76.2
31/03/2003;73.1
01/04/2003;73.4
02/04/2003;78.3
03/04/2003;69.22
04/04/2003;58.29
05/04/2003;55.79
06/04/2003;58.02
07/04/2003;53.87
08/04/2003;61.84
09/04/2003;72.3
10/04/2003;66.63
11/04/2003;67.68
12/04/2003;83
13/04/2003;71
14/04/2003;74.5
15/04/2003;75.4
16/04/2003;69.03
17/04/2003;72.3
18/04/2003;69.07
19/04/2003;84.8
20/04/2003;86.2
21/04/2003;72.1
22/04/2003;70.5
23/04/2003;75.1
24/04/2003;78.9
25/04/2003;79.6
26/04/2003;73.2
27/04/2003;65.07
28/04/2003;65.11
29/04/2003;70.7
30/04/2003;72.2
01/05/2003;69.12
02/05/2003;69.05
03/05/2003;65.74
04/05/2003;70.4
05/05/2003;83
06/05/2003;73.6
07/05/2003;83.9
08/05/2003;77.5
09/05/2003;75.8
10/05/2003;75.9
11/05/2003;70.9
12/05/2003;70.1
13/05/2003;69.96
14/05/2003;61.32
15/05/2003;66.01
16/05/2003;71.4
17/05/2003;67.54
18/05/2003;71.8
19/05/2003;73.4
30/05/2003;46.48
31/05/2003;68.88
01/06/2003;74.5
02/06/2003;72.2
03/06/2003;66.43
04/06/2003;74.2
05/06/2003;72.2
06/06/2003;64.05
07/06/2003;58.78
08/06/2003;69.04
09/06/2003;53.15
10/06/2003;54.27
11/06/2003;50.28
12/06/2003;57.85
13/06/2003;47.22
14/06/2003;44.7
15/06/2003;54.53
16/06/2003;59.06
17/06/2003;69.85
18/06/2003;59.69
19/06/2003;50.38
20/06/2003;49.21
21/06/2003;41.46
22/06/2003;37.84
23/06/2003;52.22
24/06/2003;54.58
25/06/2003;59.17
26/06/2003;55.18
27/06/2003;65.9
28/06/2003;51.75
29/06/2003;37.43
30/06/2003;60.96
01/07/2003;57.67
02/07/2003;57.74
03/07/2003;61.64
04/07/2003;55.72
05/07/2003;57.03
06/07/2003;55.56
07/07/2003;52.13
08/07/2003;47.22
09/07/2003;48.15
10/07/2003;46.08
11/07/2003;45.46
12/07/2003;51.74
13/07/2003;46.23
14/07/2003;62.7
15/07/2003;62.6
16/07/2003;65.33
17/07/2003;53.79
18/07/2003;47.76
19/07/2003;50.35
20/07/2003;51.62
21/07/2003;58.93
22/07/2003;55.59
23/07/2003;58.86
24/07/2003;52.65
25/07/2003;51.13
26/07/2003;54.63
27/07/2003;67.52
28/07/2003;56.29
29/07/2003;49.19
30/07/2003;49.74
31/07/2003;49.03
01/08/2003;41.5
02/08/2003;40.01
03/08/2003;33.83
04/08/2003;37.5
05/08/2003;36.62
06/08/2003;50.63
07/08/2003;47.37
08/08/2003;46.58
09/08/2003;40.67
10/08/2003;37.55
11/08/2003;42.74
12/08/2003;41.93
13/08/2003;39.2
14/08/2003;46.99
15/08/2003;57.75
16/08/2003;69.97
17/08/2003;61.59
18/08/2003;55.27
19/08/2003;50.18
20/08/2003;59.67
21/08/2003;58.63
22/08/2003;57.4
23/08/2003;58.18
24/08/2003;56.08
25/08/2003;60.48
26/08/2003;61.33
27/08/2003;52.68
28/08/2003;74.5
29/08/2003;72.7
30/08/2003;80.4
31/08/2003;75.5
01/09/2003;84.7
02/09/2003;73.9
03/09/2003;77.1
04/09/2003;77.1
05/09/2003;71.5
06/09/2003;73.5
07/09/2003;66.62
08/09/2003;68.65
09/09/2003;61.2
10/09/2003;58.23
11/09/2003;65.14
12/09/2003;63.27
13/09/2003;56.76
14/09/2003;52.89
15/09/2003;44.46
16/09/2003;50.68
17/09/2003;55.27
18/09/2003;46.15
19/09/2003;40.89
20/09/2003;52.62
21/09/2003;61.03
22/09/2003;64.06
23/09/2003;70.3
24/09/2003;65.25
25/09/2003;59.65
26/09/2003;60.72
27/09/2003;74.5
28/09/2003;70.9
29/09/2003;76.6
30/09/2003;85.7
01/10/2003;81.1
02/10/2003;78.6
03/10/2003;77.3
04/10/2003;80.5
05/10/2003;76.4
06/10/2003;69.63
07/10/2003;72.4
08/10/2003;77
09/10/2003;72.5
10/10/2003;71.5
11/10/2003;62.75
12/10/2003;77.9
13/10/2003;84.3
14/10/2003;80.5
15/10/2003;75.4
16/10/2003;73.7
17/10/2003;81
18/10/2003;74.4
19/10/2003;83.9
20/10/2003;82.1
21/10/2003;72.4
22/10/2003;78.6
23/10/2003;71.6
24/10/2003;68.56
25/10/2003;63.12
26/10/2003;85.8
27/10/2003;81.5
28/10/2003;90.2
29/10/2003;78.2
30/10/2003;82.5
31/10/2003;82.3
01/11/2003;81.8
02/11/2003;82.9
03/11/2003;76.3
04/11/2003;72.2
05/11/2003;75.6
06/11/2003;80.5
07/11/2003;80.7
08/11/2003;86.4
09/11/2003;79.3
10/11/2003;84.7
11/11/2003;88.2
12/11/2003;91.4
13/11/2003;87.9
14/11/2003;82.5
15/11/2003;84.4
16/11/2003;82.1
17/11/2003;65.98
18/11/2003;75.7
19/11/2003;77.6
20/11/2003;83.7
21/11/2003;82.8
22/11/2003;78.9
23/11/2003;88.5
24/11/2003;83.7
25/11/2003;83.7
26/11/2003;87.3
27/11/2003;76.2
28/11/2003;89.5
29/11/2003;90.7
30/11/2003;87
01/12/2003;86.9
02/12/2003;89.4
03/12/2003;90.8
04/12/2003;82
05/12/2003;75.4
06/12/2003;79.5
07/12/2003;81
08/12/2003;76.1
09/12/2003;77.9
10/12/2003;87.1
11/12/2003;87.5
12/12/2003;90.8
13/12/2003;94.2
14/12/2003;92.1
15/12/2003;83
16/12/2003;85.7
17/12/2003;76.4
18/12/2003;85.4
19/12/2003;90.2
20/12/2003;84.4
21/12/2003;82.9
22/12/2003;78.2
23/12/2003;81.7
24/12/2003;85.4
25/12/2003;92.5
26/12/2003;93.3
27/12/2003;83.6
28/12/2003;83.3
29/12/2003;90
30/12/2003;86.3
31/12/2003;83.7
01/01/2004;90.3
02/01/2004;82.8
03/01/2004;90.9
04/01/2004;89.1
05/01/2004;90.8
06/01/2004;94.3
07/01/2004;92.3
08/01/2004;86.6
09/01/2004;84.9
10/01/2004;85.1
11/01/2004;85.1
12/01/2004;83.8
13/01/2004;80.8
14/01/2004;81.6
15/01/2004;88.9
16/01/2004;87
17/01/2004;78.6
18/01/2004;80.7
19/01/2004;75.6
20/01/2004;81.4
21/01/2004;84.9
22/01/2004;91.1
23/01/2004;89.2
24/01/2004;86.4
25/01/2004;90.4
26/01/2004;84.2
27/01/2004;81.9
28/01/2004;78.4
29/01/2004;80.3
30/01/2004;83.7
31/01/2004;88.7
01/02/2004;89.1
02/02/2004;86
03/02/2004;82.5
04/02/2004;81.8
05/02/2004;78.4
06/02/2004;76.3
07/02/2004;85.6
08/02/2004;87.4
09/02/2004;78.1
10/02/2004;64.47
11/02/2004;63.4
12/02/2004;68.33
13/02/2004;74.6
14/02/2004;74.9
15/02/2004;80.7
16/02/2004;72.5
17/02/2004;74.1
18/02/2004;69.31
19/02/2004;78.1
20/02/2004;84.9
21/02/2004;89
22/02/2004;75.5
23/02/2004;83.6
24/02/2004;83.1
25/02/2004;87
26/02/2004;77.6
27/02/2004;75.2
28/02/2004;75.2
29/02/2004;79.3
01/03/2004;72.1
02/03/2004;70.4
03/03/2004;64.16
04/03/2004;68.61
05/03/2004;56.78
06/03/2004;75.7
07/03/2004;75.8
08/03/2004;69.05
09/03/2004;64.81
10/03/2004;84.1
11/03/2004;81
12/03/2004;87.3
13/03/2004;79.8
14/03/2004;74.3
15/03/2004;73.1
16/03/2004;63.98
17/03/2004;73.1
18/03/2004;76.38
19/03/2004;79.1
20/03/2004;72.1
21/03/2004;73.2
22/03/2004;70.7
23/03/2004;73.9
24/03/2004;70.6
25/03/2004;70.2
26/03/2004;65.99
27/03/2004;64.88
28/03/2004;76
29/03/2004;83.5
30/03/2004;85.9
31/03/2004;79.5
01/04/2004;78.5
02/04/2004;78
03/04/2004;78.3
04/04/2004;78
05/04/2004;74.9
06/04/2004;72.9
07/04/2004;65.89
08/04/2004;65.52
09/04/2004;73.2
10/04/2004;74.3
11/04/2004;77.3
12/04/2004;73.7
13/04/2004;69.76
14/04/2004;68.01
15/04/2004;51.38
16/04/2004;66.68
17/04/2004;72.9
18/04/2004;69.79
19/04/2004;71.6
20/04/2004;80.4
21/04/2004;77
22/04/2004;74.7
23/04/2004;71.9
24/04/2004;65.16
25/04/2004;63.27
26/04/2004;58.04
27/04/2004;63.5
28/04/2004;76.1
29/04/2004;77.4
30/04/2004;70.1
01/05/2004;81.4
02/05/2004;69.05
03/05/2004;71.9
04/05/2004;67.32
05/05/2004;70.5
06/05/2004;65.08
07/05/2004;66.03
08/05/2004;65.02
09/05/2004;76.1
10/05/2004;85.6
11/05/2004;77.3
12/05/2004;76.1
13/05/2004;70.2
14/05/2004;62.42
15/05/2004;63.61
16/05/2004;58.78
17/05/2004;59.27
18/05/2004;56.42
19/05/2004;59.81
20/05/2004;54.31
21/05/2004;61.37
22/05/2004;79.5
23/05/2004;69.34
24/05/2004;79.6
25/05/2004;83.9
26/05/2004;81.2
27/05/2004;73.7
28/05/2004;72
29/05/2004;71.7
30/05/2004;75.1
31/05/2004;68.7
01/06/2004;69.17
02/06/2004;57.09
03/06/2004;56.02
04/06/2004;53.59
05/06/2004;55.94
06/06/2004;55.97
07/06/2004;58.06
08/06/2004;74.7
09/06/2004;63.26
10/06/2004;66.51
11/06/2004;61.6
12/06/2004;73.5
13/06/2004;55.79
14/06/2004;56.08
15/06/2004;49.92
16/06/2004;59.79
17/06/2004;56.01
18/06/2004;54.98
19/06/2004;78.9
08/07/2004;45.21
09/07/2004;52.72
10/07/2004;61.22
11/07/2004;59.23
12/07/2004;55.82
13/07/2004;51.72
14/07/2004;52.01
15/07/2004;51.34
16/07/2004;52.19
17/07/2004;52.98
18/07/2004;61.68
19/07/2004;58.54
20/07/2004;56.55
21/07/2004;48.52
22/07/2004;45.93
23/07/2004;50.15
24/07/2004;48.67
25/07/2004;50.45
26/07/2004;51.95
27/07/2004;49.23
28/07/2004;47.86
29/07/2004;61.7
30/07/2004;54.19
31/07/2004;37.32
01/08/2004;36.59
02/08/2004;55.96
03/08/2004;66.83
04/08/2004;69.46
05/08/2004;61.25
06/08/2004;51.46
07/08/2004;37.23
08/08/2004;51.05
09/08/2004;78.3
10/08/2004;68.22
11/08/2004;58.77
12/08/2004;61.88
13/08/2004;59.9
14/08/2004;54.43
15/08/2004;50.16
16/08/2004;60.81
17/08/2004;67.33
18/08/2004;67.21
19/08/2004;63.99
20/08/2004;61.37
21/08/2004;56.91
22/08/2004;49.33
23/08/2004;49.11
24/08/2004;61.54
25/08/2004;59.69
26/08/2004;61.38
27/08/2004;58.13
28/08/2004;59
29/08/2004;58.02
30/08/2004;64.45
31/08/2004;63.89
01/09/2004;58.21
02/09/2004;61.09
03/09/2004;74.7
04/09/2004;59.97
05/09/2004;59.14
06/09/2004;66.84
07/09/2004;62.59
08/09/2004;56.96
09/09/2004;64.4
10/09/2004;64.39
11/09/2004;64.54
12/09/2004;61.74
13/09/2004;57.96
14/09/2004;71.8
15/09/2004;68.66
16/09/2004;63.26
17/09/2004;61.7
18/09/2004;58.55
19/09/2004;72.9
20/09/2004;66.69
21/09/2004;64.14
22/09/2004;55.25
23/09/2004;49.26
24/09/2004;68.07
25/09/2004;62.73
26/09/2004;59.6
27/09/2004;61.29
28/09/2004;59.17
29/09/2004;53.12
30/09/2004;56.36
01/10/2004;61.05
02/10/2004;56.46
03/10/2004;55.46
04/10/2004;50.79
05/10/2004;50.91
06/10/2004;58.38
07/10/2004;57.83
08/10/2004;49.71
09/10/2004;60.67
10/10/2004;72.7
11/10/2004;79.4
12/10/2004;73.9
13/10/2004;55.12
14/10/2004;67.12
15/10/2004;61.52
16/10/2004;68.91
17/10/2004;73.9
18/10/2004;78.9
19/10/2004;77.7
20/10/2004;75.9
21/10/2004;89.7
22/10/2004;80.1
23/10/2004;70.2
24/10/2004;81.6
25/10/2004;86.3
26/10/2004;80.2
27/10/2004;85.9
28/10/2004;80
29/10/2004;80.7
30/10/2004;81.1
31/10/2004;82.1
01/11/2004;87.7
02/11/2004;82.5
03/11/2004;82.7
04/11/2004;87.5
05/11/2004;75.1
06/11/2004;71
07/11/2004;70.5
08/11/2004;71.4
09/11/2004;80.4
10/11/2004;79.1
11/11/2004;82.3
12/11/2004;75.3
13/11/2004;77.6
14/11/2004;69.62
15/11/2004;73
16/11/2004;76.9
17/11/2004;84.9
18/11/2004;93
19/11/2004;90
20/11/2004;87.9
21/11/2004;92.2
22/11/2004;93.7
23/11/2004;94.6
24/11/2004;95.2
25/11/2004;88.8
26/11/2004;85.4
27/11/2004;82.9
28/11/2004;86.2
29/11/2004;79.37
30/11/2004;80.5
01/12/2004;80.1
02/12/2004;86
03/12/2004;83
04/12/2004;78.5
05/12/2004;76.5
06/12/2004;85.6
07/12/2004;77
08/12/2004;86.5
09/12/2004;90.7
10/12/2004;91.6
11/12/2004;77
12/12/2004;69.09
13/12/2004;75.3
14/12/2004;81.2
15/12/2004;82
16/12/2004;88.2
17/12/2004;86.1
18/12/2004;78.7
19/12/2004;75.9
20/12/2004;76.1
21/12/2004;81
22/12/2004;71.8
23/12/2004;79.9
24/12/2004;88.5
25/12/2004;79.7
26/12/2004;90.7
27/12/2004;85.6
28/12/2004;87.2
29/12/2004;85.5
30/12/2004;86.1
31/12/2004;89.1
01/01/2005;88
02/01/2005;88.9
03/01/2005;80.2
04/01/2005;80.1
05/01/2005;84.7
06/01/2005;89.4
07/01/2005;90.2
08/01/2005;87.4
09/01/2005;88.3
10/01/2005;82.5
11/01/2005;86.2
12/01/2005;85.5
13/01/2005;87.3
14/01/2005;86.3
15/01/2005;80.1
16/01/2005;79
17/01/2005;84.5
18/01/2005;80.6
19/01/2005;81.1
20/01/2005;75.2
21/01/2005;81.2
22/01/2005;76.2
23/01/2005;83.7
25/01/2005;74.4
26/01/2005;81.7
27/01/2005;73.5
28/01/2005;80.7
29/01/2005;77.7
30/01/2005;71.5
31/01/2005;76.4
01/02/2005;81.8
02/02/2005;73.1
03/02/2005;73.1
04/02/2005;75.5
05/02/2005;76.9
06/02/2005;84.1
07/02/2005;74.5
08/02/2005;72.4
09/02/2005;75.1
10/02/2005;72.7
11/02/2005;69.31
12/02/2005;70.9
13/02/2005;75.8
14/02/2005;76.2
15/02/2005;78.2
16/02/2005;73.3
17/02/2005;71.3
18/02/2005;70.1
19/02/2005;76.6
20/02/2005;80.2
21/02/2005;79.8
22/02/2005;79.2
23/02/2005;68.3
24/02/2005;77
25/02/2005;65.39
26/02/2005;67.66
27/02/2005;74.4
28/02/2005;61.65
01/03/2005;53.56
02/03/2005;53.52
03/03/2005;72.2
04/03/2005;75
05/03/2005;66.73
06/03/2005;74
07/03/2005;65.65
08/03/2005;65.94
09/03/2005;63.67
10/03/2005;64.58
11/03/2005;61.32
12/03/2005;49.22
13/03/2005;56.32
14/03/2005;68.08
15/03/2005;62.26
16/03/2005;59.82
17/03/2005;54.44
18/03/2005;36.32
19/03/2005;41.97
20/03/2005;50.6
21/03/2005;67.04
22/03/2005;67.69
23/03/2005;69.08
24/03/2005;69.65
25/03/2005;67.38
26/03/2005;76.5
27/03/2005;70.6
28/03/2005;79.4
29/03/2005;72.8
30/03/2005;70.3
31/03/2005;69.59
01/04/2005;56.46
02/04/2005;85.4
03/04/2005;81.6
04/04/2005;83.3
05/04/2005;78.2
06/04/2005;68.46
07/04/2005;69.6
08/04/2005;70.8
09/04/2005;69.34
10/04/2005;66.92
11/04/2005;72.8
12/04/2005;75
13/04/2005;68.33
14/04/2005;69.02
15/04/2005;72.6
16/04/2005;70.6
17/04/2005;75.9
18/04/2005;65.79
19/04/2005;71.2
20/04/2005;78.5
21/04/2005;80.1
22/04/2005;72.4
23/04/2005;72
24/04/2005;75.4
25/04/2005;70.2
26/04/2005;64.49
27/04/2005;49.96
28/04/2005;57.17
29/04/2005;49.84
30/04/2005;37.77
01/05/2005;52.24
02/05/2005;54.14
03/05/2005;62.91
04/05/2005;68.52
05/05/2005;66.22
06/05/2005;58.12
07/05/2005;49.74
08/05/2005;53.01
09/05/2005;62.32
10/05/2005;77.5
11/05/2005;79.5
12/05/2005;87.4
13/05/2005;74.4
14/05/2005;67.6
15/05/2005;65.69
16/05/2005;73.1
17/05/2005;71.1
18/05/2005;69.95
19/05/2005;61.65
20/05/2005;55.27
21/05/2005;68.17
22/05/2005;64.69
23/05/2005;61.81
24/05/2005;54.96
25/05/2005;42.91
26/05/2005;31.04
27/05/2005;43.79
28/05/2005;66.11
29/05/2005;78.9
30/05/2005;75.4
31/05/2005;63.77
01/06/2005;59.57
02/06/2005;55.07
03/06/2005;57.25
04/06/2005;63.12
05/06/2005;48.64
06/06/2005;49.93
07/06/2005;57.76
08/06/2005;48.82
09/06/2005;43.11
10/06/2005;44.63
11/06/2005;48.26
12/06/2005;42.15
13/06/2005;51.68
14/06/2005;57.47
15/06/2005;51.92
16/06/2005;60.65
17/06/2005;52.28
18/06/2005;36.54
19/06/2005;45.63
20/06/2005;55.14
21/06/2005;41.87
22/06/2005;45.51
23/06/2005;61.8
24/06/2005;50.61
25/06/2005;52.3
26/06/2005;46.13
27/06/2005;41.04
28/06/2005;46.02
29/06/2005;56.04
30/06/2005;59.49
01/07/2005;53.03
02/07/2005;48.63
03/07/2005;46.33
04/07/2005;64.64
05/07/2005;53.33
06/07/2005;59.75
07/07/2005;56.59
08/07/2005;56.26
09/07/2005;52.6
10/07/2005;51.98
11/07/2005;48.11
12/07/2005;48.34
13/07/2005;41.91
14/07/2005;34.17
15/07/2005;35.77
16/07/2005;32.7
17/07/2005;43.12
18/07/2005;58.27
19/07/2005;53.27
20/07/2005;43.68
21/07/2005;37.19
22/07/2005;50.71
23/07/2005;45.79
24/07/2005;47.49
25/07/2005;54.64
26/07/2005;49.57
27/07/2005;45.19
28/07/2005;49.47
29/07/2005;51.65
30/07/2005;54.19
31/07/2005;55.21
01/08/2005;64.25
02/08/2005;58.8
03/08/2005;54.78
04/08/2005;46.75
05/08/2005;41.37
06/08/2005;38.02
07/08/2005;42.35
08/08/2005;36.41
09/08/2005;32.37
10/08/2005;77.8
11/08/2005;61.43
12/08/2005;53.84
13/08/2005;51.32
14/08/2005;50.97
15/08/2005;48.84
16/08/2005;58.19
17/08/2005;66.2
18/08/2005;61.27
19/08/2005;57.14
20/08/2005;59.27
21/08/2005;63.82
22/08/2005;60.82
23/08/2005;63.12
24/08/2005;51.96
25/08/2005;52.65
26/08/2005;60.98
27/08/2005;57.85
28/08/2005;62.36
29/08/2005;58.83
30/08/2005;44.6
31/08/2005;50.65
01/09/2005;60.6
02/09/2005;52.79
03/09/2005;44.94
04/09/2005;40.14
05/09/2005;56.69
06/09/2005;78.4
07/09/2005;73.2
08/09/2005;72.4
09/09/2005;67.52
10/09/2005;67.93
11/09/2005;68.07
12/09/2005;74
13/09/2005;67.47
14/09/2005;66
15/09/2005;61.26
16/09/2005;59.34
17/09/2005;57.86
18/09/2005;53.78
19/09/2005;55.37
20/09/2005;50.54
21/09/2005;51.63
22/09/2005;48.26
23/09/2005;45.99
24/09/2005;50.06
25/09/2005;67.03
26/09/2005;59.77
27/09/2005;53.43
28/09/2005;56.21
29/09/2005;65.06
30/09/2005;54.78
01/10/2005;59.96
02/10/2005;66.32
03/10/2005;64.22
04/10/2005;60.65
05/10/2005;61.3
06/10/2005;63.93
07/10/2005;58.36
08/10/2005;50.97
09/10/2005;42.89
10/10/2005;72.5
11/10/2005;68.1
12/10/2005;82
13/10/2005;87.8
14/10/2005;73.4
15/10/2005;71.3
16/10/2005;66.61
17/10/2005;79
18/10/2005;80
19/10/2005;71.7
20/10/2005;85.5
21/10/2005;85.9
22/10/2005;84.8
23/10/2005;82.8
24/10/2005;78
27/10/2005;71
28/10/2005;85.7
29/10/2005;72.2
30/10/2005;76.2
31/10/2005;78.4
01/11/2005;77
02/11/2005;69.74
03/11/2005;81.5
04/11/2005;81.6
05/11/2005;82.3
06/11/2005;78
07/11/2005;74.7
08/11/2005;69.37
09/11/2005;79.4
10/11/2005;68.83
11/11/2005;74.9
12/11/2005;84.1
13/11/2005;87.2
14/11/2005;82.9
15/11/2005;86.8
16/11/2005;83.2
17/11/2005;82.8
18/11/2005;80.4
19/11/2005;74.9
20/11/2005;70.3
21/11/2005;71.1
22/11/2005;73
23/11/2005;69.37
24/11/2005;74.2
25/11/2005;82.9
26/11/2005;78.3
27/11/2005;82.7
28/11/2005;82.2
29/11/2005;80.5
30/11/2005;75.5
01/12/2005;68.64
02/12/2005;80.2
03/12/2005;78.1
04/12/2005;80.9
05/12/2005;71.9
06/12/2005;79.9
07/12/2005;88.4
08/12/2005;87.2
09/12/2005;83.5
10/12/2005;63.58
11/12/2005;61.38
12/12/2005;75
13/12/2005;81.5
14/12/2005;79
15/12/2005;71.3
16/12/2005;73.7
17/12/2005;82.6
18/12/2005;75.8
19/12/2005;79.5
20/12/2005;77.2
21/12/2005;78
22/12/2005;72.4
23/12/2005;70.5
24/12/2005;70.7
25/12/2005;76.3
26/12/2005;86.6
27/12/2005;89
28/12/2005;78.5
29/12/2005;85.8
30/12/2005;81.3
31/12/2005;80.2
01/01/2006;78.4
02/01/2006;83.4
03/01/2006;83.9
04/01/2006;82.9
05/01/2006;88.7
06/01/2006;90
07/01/2006;83.6
08/01/2006;82.2
09/01/2006;89.7
10/01/2006;81.4
11/01/2006;86.9
12/01/2006;87.8
13/01/2006;90.6
14/01/2006;85.5
15/01/2006;83.9
16/01/2006;87.7
17/01/2006;89.6
18/01/2006;85.2
19/01/2006;81.3
20/01/2006;85.9
21/01/2006;81
22/01/2006;78.3
23/01/2006;81.2
24/01/2006;75.5
25/01/2006;71.5
26/01/2006;79.1
27/01/2006;74.2
28/01/2006;76.8
29/01/2006;71.2
30/01/2006;77.8
31/01/2006;88.3
01/02/2006;89.4
02/02/2006;81
03/02/2006;74.4
04/02/2006;66.87
05/02/2006;64.89
06/02/2006;60.29
07/02/2006;67.6
08/02/2006;67.14
09/02/2006;67.71
10/02/2006;73.9
11/02/2006;71.4
12/02/2006;60.78
13/02/2006;63.19
14/02/2006;67.02
15/02/2006;72.5
16/02/2006;69.29
17/02/2006;70
18/02/2006;71
19/02/2006;72.9
20/02/2006;78.6
21/02/2006;83.8
22/02/2006;74.3
23/02/2006;80.4
24/02/2006;70.9
25/02/2006;88.5
26/02/2006;87.3
27/02/2006;75.3
28/02/2006;75.6
01/03/2006;74.6
02/03/2006;75.7
03/03/2006;82.4
04/03/2006;81.3
05/03/2006;78.2
06/03/2006;73.8
07/03/2006;87.6
08/03/2006;86.6
09/03/2006;81.4
10/03/2006;71.9
11/03/2006;76.2
12/03/2006;76.1
13/03/2006;72.5
14/03/2006;61.93
15/03/2006;60.49
16/03/2006;65.97
17/03/2006;68.65
18/03/2006;74.6
19/03/2006;72.9
20/03/2006;72.7
21/03/2006;77
22/03/2006;76.4
23/03/2006;84.1
24/03/2006;71.9
25/03/2006;74.9
26/03/2006;66.31
27/03/2006;70.7
28/03/2006;64.48
29/03/2006;71.5
30/03/2006;68.05
31/03/2006;69.15
01/04/2006;60.69
02/04/2006;69.27
03/04/2006;63.39
04/04/2006;52.3
05/04/2006;74
06/04/2006;79.2
07/04/2006;81.8
08/04/2006;73.7
09/04/2006;71.7
10/04/2006;63.9
11/04/2006;58.49
12/04/2006;62.18
13/04/2006;59.1
14/04/2006;56.03
15/04/2006;70.8
16/04/2006;78
17/04/2006;81
18/04/2006;74.2
19/04/2006;73.3
20/04/2006;71.4
21/04/2006;83.3
22/04/2006;74.2
23/04/2006;72
24/04/2006;68.1
25/04/2006;73
26/04/2006;63.95
27/04/2006;72.7
28/04/2006;63.66
29/04/2006;62.91
30/04/2006;56.76
01/05/2006;60.55
02/05/2006;54.52
03/05/2006;52.24
04/05/2006;75.1
05/05/2006;83.3
06/05/2006;76.3
07/05/2006;68.95
08/05/2006;61.81
09/05/2006;61.2
10/05/2006;62.03
11/05/2006;67.2
12/05/2006;65.11
13/05/2006;72.3
14/05/2006;63.65
15/05/2006;62.01
16/05/2006;60.95
17/05/2006;59.25
18/05/2006;56.62
19/05/2006;59.14
20/05/2006;59.38
21/05/2006;48.16
22/05/2006;58.11
23/05/2006;62.65
24/05/2006;58.17
25/05/2006;57.23
26/05/2006;60.59
27/05/2006;54.18
28/05/2006;58.75
29/05/2006;63.67
30/05/2006;55.21
31/05/2006;54.64
01/06/2006;45.79
02/06/2006;53.84
03/06/2006;47.73
04/06/2006;46.41
05/06/2006;47.43
06/06/2006;43.96
07/06/2006;43.85
08/06/2006;43.33
09/06/2006;43.91
10/06/2006;65.15
11/06/2006;56.18
12/06/2006;38.26
13/06/2006;37.29
14/06/2006;33.42
15/06/2006;55.31
16/06/2006;77.8
17/06/2006;77.5
18/06/2006;69.14
19/06/2006;63.58
20/06/2006;70.9
21/06/2006;61.52
22/06/2006;62.18
23/06/2006;58.64
24/06/2006;66.85
25/06/2006;71.1
26/06/2006;68.64
27/06/2006;69.47
28/06/2006;68.31
29/06/2006;64.42
30/06/2006;50.16
01/07/2006;38.37
02/07/2006;44.47
03/07/2006;60.5
04/07/2006;60.28
05/07/2006;60.85
06/07/2006;58.97
07/07/2006;57.72
08/07/2006;53.22
09/07/2006;49.32
10/07/2006;43.55
11/07/2006;69.29
12/07/2006;60.34
13/07/2006;61.37
14/07/2006;55.88
15/07/2006;55.31
16/07/2006;59.04
17/07/2006;52.89
18/07/2006;54.6
19/07/2006;62.34
20/07/2006;52.43
21/07/2006;49.22
22/07/2006;54.68
23/07/2006;60.01
24/07/2006;47.78
25/07/2006;51.35
26/07/2006;49.89
27/07/2006;59.37
28/07/2006;57.37
29/07/2006;52.72
30/07/2006;51.85
31/07/2006;58.9
01/08/2006;62.36
02/08/2006;51.33
03/08/2006;57.88
04/08/2006;58.02
05/08/2006;52.59
06/08/2006;54.12
07/08/2006;56.18
08/08/2006;60.09
09/08/2006;54.74
10/08/2006;49.96
11/08/2006;49.61
12/08/2006;55.3
13/08/2006;56
14/08/2006;57.75
15/08/2006;59.22
16/08/2006;75.5
17/08/2006;73.7
18/08/2006;73.4
19/08/2006;71.2
20/08/2006;63.71
21/08/2006;60.44
22/08/2006;58.26
23/08/2006;59.64
24/08/2006;61.26
25/08/2006;64.26
26/08/2006;60.85
27/08/2006;64.09
28/08/2006;60.88
29/08/2006;58.69
30/08/2006;59.67
31/08/2006;53.2
01/09/2006;48.26
02/09/2006;47.41
03/09/2006;52.23
04/09/2006;53.71
05/09/2006;44.67
06/09/2006;47.19
07/09/2006;51.59
08/09/2006;55.81
09/09/2006;61.07
10/09/2006;56.95
11/09/2006;55.25
12/09/2006;61.84
13/09/2006;67.66
14/09/2006;82.3
15/09/2006;79
16/09/2006;74.9
17/09/2006;71.6
18/09/2006;67.98
19/09/2006;62.81
20/09/2006;44.55
21/09/2006;58.38
22/09/2006;62.56
23/09/2006;66.01
24/09/2006;82.9
25/09/2006;73.5
26/09/2006;73
27/09/2006;68.39
28/09/2006;71.8
29/09/2006;80.9
30/09/2006;83.4
01/10/2006;72.9
02/10/2006;64.46
03/10/2006;74
04/10/2006;82
05/10/2006;75.9
06/10/2006;74.7
07/10/2006;82.2
08/10/2006;74
09/10/2006;71.1
10/10/2006;66.8
11/10/2006;76.5
12/10/2006;77.7
13/10/2006;71.6
14/10/2006;69.93
15/10/2006;62.61
16/10/2006;60.8
17/10/2006;84.3
18/10/2006;77.2
19/10/2006;82
20/10/2006;84.1
21/10/2006;79
22/10/2006;81.7
23/10/2006;78.8
24/10/2006;77.2
25/10/2006;68.75
26/10/2006;70.2
27/10/2006;77.6
28/10/2006;71.6
29/10/2006;73.5
30/10/2006;79.2
31/10/2006;80.3
01/11/2006;77.6
02/11/2006;73.2
03/11/2006;84.4
04/11/2006;81.2
05/11/2006;75.6
06/11/2006;74.1
07/11/2006;84.3
08/11/2006;80.4
09/11/2006;76.5
10/11/2006;76.3
11/11/2006;79
12/11/2006;80.2
13/11/2006;91.1
14/11/2006;78.6
15/11/2006;68.4
16/11/2006;81.1
17/11/2006;78.9
18/11/2006;81.1
19/11/2006;83
20/11/2006;77.8
21/11/2006;80.1
22/11/2006;78.1
23/11/2006;81.6
24/11/2006;72.7
25/11/2006;79.9
26/11/2006;80.3
27/11/2006;69.73
28/11/2006;81.2
29/11/2006;83.8
30/11/2006;81.5
01/12/2006;81.8
02/12/2006;87.2
03/12/2006;87.7
04/12/2006;86.8
05/12/2006;80.9
06/12/2006;83.4
07/12/2006;88.3
08/12/2006;71.5
09/12/2006;82.3
10/12/2006;83.7
11/12/2006;81.8
12/12/2006;87.8
13/12/2006;88.57
14/12/2006;93.2
15/12/2006;84.2
16/12/2006;85.5
17/12/2006;90.1
18/12/2006;78.6
19/12/2006;78.4
20/12/2006;77.2
21/12/2006;79.6
22/12/2006;78.7
23/12/2006;81.3
24/12/2006;79.6
25/12/2006;79.8
26/12/2006;78.7
27/12/2006;80.1
28/12/2006;74.9
29/12/2006;74.5
30/12/2006;81.2
31/12/2006;83.1
01/01/2007;82.9
02/01/2007;86.6
03/01/2007;84.8
04/01/2007;84.4
05/01/2007;85.3
06/01/2007;84.9
07/01/2007;82.8
08/01/2007;82.5
09/01/2007;77.8
10/01/2007;85.7
11/01/2007;83.5
12/01/2007;84.3
13/01/2007;83.9
14/01/2007;83.5
15/01/2007;84.2
16/01/2007;86.8
17/01/2007;82.8
18/01/2007;82.2
19/01/2007;87.1
20/01/2007;93
21/01/2007;86.5
22/01/2007;91.6
23/01/2007;85.1
24/01/2007;81.1
25/01/2007;82.5
26/01/2007;70.8
27/01/2007;69.45
28/01/2007;81.7
29/01/2007;84
30/01/2007;90.3
31/01/2007;88.6
01/02/2007;79
02/02/2007;83.2
03/02/2007;85.3
04/02/2007;82.9
05/02/2007;86.3
06/02/2007;81.1
07/02/2007;78.6
08/02/2007;82.1
09/02/2007;71.2
10/02/2007;71.1
11/02/2007;83
12/02/2007;73.3
13/02/2007;84.8
14/02/2007;74.1
15/02/2007;64.43
16/02/2007;54.15
17/02/2007;78.2
18/02/2007;82.1
19/02/2007;84
20/02/2007;87.6
21/02/2007;82.2
22/02/2007;75.1
23/02/2007;83.2
24/02/2007;78.1
25/02/2007;77.2
26/02/2007;76.1
27/02/2007;73.8
28/02/2007;76.5
01/03/2007;76
02/03/2007;74.7
03/03/2007;75.7
04/03/2007;68.84
05/03/2007;73.5
06/03/2007;77.3
07/03/2007;72.7
08/03/2007;74.3
09/03/2007;78.8
10/03/2007;59.95
11/03/2007;52.94
12/03/2007;60.84
13/03/2007;61.69
14/03/2007;69.59
15/03/2007;62.58
16/03/2007;71.8
17/03/2007;63.2
18/03/2007;65.99
19/03/2007;73.1
20/03/2007;84.5
21/03/2007;84.3
22/03/2007;67.93
23/03/2007;74.7
24/03/2007;76.2
25/03/2007;66.11
26/03/2007;71.4
27/03/2007;79.7
28/03/2007;74.5
29/03/2007;73.8
30/03/2007;77.1
31/03/2007;76
01/04/2007;75.9
02/04/2007;73.3
03/04/2007;75.2
04/04/2007;75.7
05/04/2007;71.7
06/04/2007;66.87
07/04/2007;72.2
08/04/2007;70.3
09/04/2007;65.6
10/04/2007;66.8
11/04/2007;68.13
12/04/2007;77.9
13/04/2007;71.1
14/04/2007;71
15/04/2007;67.64
16/04/2007;69.06
17/04/2007;69.54
18/04/2007;66.81
19/04/2007;58.7
20/04/2007;62.71
21/04/2007;65.59
22/04/2007;62.68
23/04/2007;59.96
24/04/2007;54.65
25/04/2007;77
26/04/2007;87
27/04/2007;80.4
28/04/2007;75.8
29/04/2007;82.5
30/04/2007;77.1
01/05/2007;75.6
02/05/2007;74.5
03/05/2007;73.1
04/05/2007;71.3
05/05/2007;73.7
06/05/2007;64.77
07/05/2007;67.69
08/05/2007;62.81
09/05/2007;60.73
10/05/2007;57.22
11/05/2007;56.66
12/05/2007;56.16
13/05/2007;58.34
14/05/2007;63.97
15/05/2007;59.39
16/05/2007;66.86
17/05/2007;66.7
18/05/2007;66.1
19/05/2007;77.2
20/05/2007;84.2
21/05/2007;85.4
22/05/2007;72.8
23/05/2007;86
24/05/2007;82.4
25/05/2007;77.8
26/05/2007;80.1
27/05/2007;76.7
28/05/2007;65.71
29/05/2007;69.37
30/05/2007;72.2
31/05/2007;67.41
01/06/2007;66.82
02/06/2007;69.31
03/06/2007;70.2
04/06/2007;69.39
05/06/2007;64.33
06/06/2007;64.04
07/06/2007;61.09
08/06/2007;62.96
09/06/2007;67.16
10/06/2007;69.26
11/06/2007;66.85
12/06/2007;62.73
13/06/2007;63.95
14/06/2007;76.9
15/06/2007;66.3
16/06/2007;83.6
17/06/2007;80.5
18/06/2007;68.68
19/06/2007;71.9
20/06/2007;66.97
21/06/2007;68.39
22/06/2007;64.32
23/06/2007;59.05
24/06/2007;56.56
25/06/2007;64
26/06/2007;60.19
27/06/2007;61.65
28/06/2007;57.54
29/06/2007;58.09
30/06/2007;53.81
01/07/2007;58.01
02/07/2007;56.76
03/07/2007;60.19
04/07/2007;58.6
05/07/2007;52.17
06/07/2007;54.1
07/07/2007;52.89
08/07/2007;66.79
09/07/2007;54.32
10/07/2007;59.48
11/07/2007;60.03
12/07/2007;53.69
13/07/2007;42.59
14/07/2007;41.46
15/07/2007;41.31
16/07/2007;65.88
17/07/2007;59.01
18/07/2007;62.75
19/07/2007;59.43
20/07/2007;56.24
21/07/2007;59.06
22/07/2007;47.14
23/07/2007;50.52
24/07/2007;55.58
25/07/2007;52.81
26/07/2007;48.31
27/07/2007;48.74
28/07/2007;54.87
29/07/2007;50.44
30/07/2007;50.59
31/07/2007;36.82
01/08/2007;42.9
02/08/2007;54.53
03/08/2007;45.41
04/08/2007;46.53
05/08/2007;40.66
06/08/2007;71.5
07/08/2007;64.19
08/08/2007;55.74
09/08/2007;52.49
10/08/2007;52.86
11/08/2007;47.54
12/08/2007;51.47
13/08/2007;57.42
14/08/2007;50.54
15/08/2007;62.56
16/08/2007;63.44
17/08/2007;55.86
18/08/2007;53.99
19/08/2007;58.93
20/08/2007;57.85
21/08/2007;59.07
22/08/2007;70.3
23/08/2007;69.8
24/08/2007;64.72
25/08/2007;65
26/08/2007;53.87
27/08/2007;36.76
28/08/2007;45.63
29/08/2007;60.81
30/08/2007;56.27
31/08/2007;60.3
01/09/2007;58.27
02/09/2007;60.1
03/09/2007;60.87
04/09/2007;62.35
05/09/2007;48.52
06/09/2007;49.14
07/09/2007;56.61
08/09/2007;56.71
09/09/2007;51.58
10/09/2007;54.53
11/09/2007;58.93
12/09/2007;58.01
13/09/2007;64.13
14/09/2007;74
15/09/2007;67.66
16/09/2007;64.8
17/09/2007;79.3
18/09/2007;69.33
19/09/2007;64.3
20/09/2007;62.8
21/09/2007;64.97
22/09/2007;75.8
23/09/2007;68.95
24/09/2007;64.08
25/09/2007;64.65
26/09/2007;67.4
27/09/2007;68.85
28/09/2007;60.89
29/09/2007;62.12
30/09/2007;75.1
01/10/2007;84.7
02/10/2007;76.2
03/10/2007;87.9
04/10/2007;77.2
05/10/2007;79.8
06/10/2007;79.4
07/10/2007;79.4
08/10/2007;74.2
09/10/2007;71.4
10/10/2007;73
11/10/2007;71.8
12/10/2007;72.6
13/10/2007;74.5
14/10/2007;66.92
15/10/2007;70.2
16/10/2007;73.3
17/10/2007;71.6
18/10/2007;74.4
19/10/2007;71
20/10/2007;55.72
21/10/2007;50.33
22/10/2007;56.95
23/10/2007;85.2
24/10/2007;77.7
25/10/2007;71.6
26/10/2007;71.3
27/10/2007;75.3
28/10/2007;73.9
29/10/2007;77.3
30/10/2007;77.6
31/10/2007;68.58
01/11/2007;64.75
02/11/2007;64.08
03/11/2007;74.7
04/11/2007;75.3
05/11/2007;73.7
06/11/2007;70.1
07/11/2007;66.57
08/11/2007;68.24
09/11/2007;66.66
10/11/2007;59
11/11/2007;58.29
12/11/2007;61.01
13/11/2007;69.05
14/11/2007;78.2
15/11/2007;83.5
16/11/2007;58.39
17/11/2007;59.42
18/11/2007;47.97
19/11/2007;63.06
20/11/2007;86.4
21/11/2007;76.7
22/11/2007;84
23/11/2007;85.5
24/11/2007;81
25/11/2007;75.5
26/11/2007;78.4
27/11/2007;72.9
28/11/2007;75.5
29/11/2007;81.5
30/11/2007;83.8
01/12/2007;88.3
02/12/2007;87.3
03/12/2007;86.4
04/12/2007;89.4
05/12/2007;92.3
06/12/2007;88.7
07/12/2007;90.6
08/12/2007;85.9
09/12/2007;66.88
10/12/2007;78
11/12/2007;80.6
12/12/2007;79.2
13/12/2007;68.69
14/12/2007;71.8
15/12/2007;64.62
16/12/2007;69.08
17/12/2007;77.7
18/12/2007;76
19/12/2007;68.18
20/12/2007;70.6
21/12/2007;72.6
22/12/2007;79.1
23/12/2007;79.3
24/12/2007;83.6
25/12/2007;80
26/12/2007;80.6
27/12/2007;80.2
28/12/2007;77.7
29/12/2007;80.7
30/12/2007;82.9
31/12/2007;86.3
01/01/2008;85.5
02/01/2008;81.7
03/01/2008;82.1
04/01/2008;80.6
05/01/2008;87.5
06/01/2008;81.7
07/01/2008;82.6
08/01/2008;82.8
09/01/2008;83.9
10/01/2008;84
11/01/2008;77
12/01/2008;80.2
13/01/2008;78.5
14/01/2008;79.7
15/01/2008;81.1
16/01/2008;73.5
17/01/2008;85.3
18/01/2008;85.5
19/01/2008;89.2
20/01/2008;91.1
21/01/2008;86.6
22/01/2008;92.5
23/01/2008;82.7
24/01/2008;81.8
25/01/2008;76.8
26/01/2008;75.8
27/01/2008;76.7
28/01/2008;69.52
29/01/2008;72.1
30/01/2008;77.8
31/01/2008;73.5
01/02/2008;75.6
02/02/2008;75.4
03/02/2008;72.9
04/02/2008;72.4
05/02/2008;76.7
06/02/2008;83.5
07/02/2008;76.9
08/02/2008;74.1
09/02/2008;74.2
10/02/2008;75
11/02/2008;75.5
12/02/2008;64.41
13/02/2008;62.18
14/02/2008;67.22
15/02/2008;71.1
16/02/2008;67.26
17/02/2008;59.23
18/02/2008;67.4
19/02/2008;77.7
20/02/2008;85.9
21/02/2008;80.8
22/02/2008;70.4
23/02/2008;60.39
24/02/2008;58.16
25/02/2008;71.7
26/02/2008;78.4
27/02/2008;82.4
28/02/2008;87.8
29/02/2008;83.8
01/03/2008;84.1
02/03/2008;78
03/03/2008;74.8
04/03/2008;75.8
05/03/2008;64.78
06/03/2008;61.24
07/03/2008;68.54
08/03/2008;76.2
09/03/2008;63.98
10/03/2008;78.7
11/03/2008;73.3
12/03/2008;71.8
13/03/2008;66.59
14/03/2008;62.42
15/03/2008;57.58
16/03/2008;66.01
17/03/2008;66.61
18/03/2008;77.9
19/03/2008;70.7
20/03/2008;52.98
21/03/2008;60.38
22/03/2008;76.9
23/03/2008;70.9
24/03/2008;61.5
25/03/2008;73.7
26/03/2008;70.2
27/03/2008;78.6
28/03/2008;72.4
29/03/2008;62.84
30/03/2008;73.6
31/03/2008;66.49
01/04/2008;75.1
02/04/2008;61.89
03/04/2008;50.41
04/04/2008;53.89
05/04/2008;52.83
06/04/2008;57.72
07/04/2008;77.5
08/04/2008;75.2
09/04/2008;77.8
10/04/2008;81.5
11/04/2008;74
12/04/2008;72.2
13/04/2008;78.9
14/04/2008;72
15/04/2008;63.07
16/04/2008;60.51
17/04/2008;73.3
18/04/2008;72.4
19/04/2008;79
20/04/2008;78.2
21/04/2008;73.1
22/04/2008;80.9
23/04/2008;80.2
24/04/2008;69.59
25/04/2008;64.95
26/04/2008;65.63
27/04/2008;68.28
28/04/2008;62.73
29/04/2008;68.71
30/04/2008;60.84
01/05/2008;62.48
02/05/2008;62.21
03/05/2008;58.91
04/05/2008;67.21
05/05/2008;75.7
06/05/2008;67
07/05/2008;67.89
08/05/2008;80.5
09/05/2008;82.4
10/05/2008;84.6
11/05/2008;79
12/05/2008;71
13/05/2008;81.5
14/05/2008;71.1
15/05/2008;73
16/05/2008;77
17/05/2008;76.9
18/05/2008;84.1
19/05/2008;78
20/05/2008;72.4
21/05/2008;77.5
22/05/2008;75.4
23/05/2008;78.6
24/05/2008;77.2
25/05/2008;80
26/05/2008;79
27/05/2008;78
28/05/2008;74.8
29/05/2008;73.8
30/05/2008;73.4
31/05/2008;79.3
01/06/2008;87
02/06/2008;71.5
03/06/2008;65.14
04/06/2008;70.8
05/06/2008;80.3
06/06/2008;69.91
07/06/2008;62.42
08/06/2008;67.78
09/06/2008;82.8
10/06/2008;80.6
11/06/2008;73.6
12/06/2008;69.67
13/06/2008;70.9
14/06/2008;64.02
15/06/2008;72.3
16/06/2008;78.2
17/06/2008;66.74
18/06/2008;62.51
19/06/2008;60.18
20/06/2008;60.84
21/06/2008;64.09
22/06/2008;55.22
23/06/2008;66.83
24/06/2008;69.74
25/06/2008;70.7
26/06/2008;70.6
27/06/2008;63.18
28/06/2008;56.76
29/06/2008;62.8
30/06/2008;64.16
01/07/2008;50.42
02/07/2008;61.44
03/07/2008;46.01
04/07/2008;52.66
05/07/2008;64.37
06/07/2008;63.18
07/07/2008;57.12
08/07/2008;55.78
09/07/2008;50.79
10/07/2008;48.08
11/07/2008;63.39
12/07/2008;71.9
13/07/2008;62.44
14/07/2008;58.27
15/07/2008;57.57
16/07/2008;58.82
17/07/2008;62.28
18/07/2008;52.88
19/07/2008;51.31
20/07/2008;69.95
21/07/2008;56.74
22/07/2008;47.16
23/07/2008;46.16
24/07/2008;51.07
25/07/2008;57.91
26/07/2008;58.21
27/07/2008;55.45
28/07/2008;56.29
29/07/2008;51.95
30/07/2008;46.56
31/07/2008;50.75
01/08/2008;53.73
02/08/2008;56.79
03/08/2008;54.52
04/08/2008;51.46
05/08/2008;54.27
06/08/2008;39.34
07/08/2008;53.33
08/08/2008;60.51
09/08/2008;54.36
10/08/2008;47.55
11/08/2008;53.01
12/08/2008;53.31
13/08/2008;55.96
14/08/2008;60.59
15/08/2008;54.6
16/08/2008;56.69
17/08/2008;61.57
18/08/2008;56.52
19/08/2008;64.98
20/08/2008;58.85
21/08/2008;52.57
22/08/2008;69.1
23/08/2008;54.17
24/08/2008;51.92
25/08/2008;63.34
26/08/2008;58.88
27/08/2008;61.81
28/08/2008;58.95
29/08/2008;55.74
30/08/2008;50.17
31/08/2008;65.19
01/09/2008;60.05
02/09/2008;56.83
03/09/2008;57.94
04/09/2008;72.2
05/09/2008;69.73
06/09/2008;74.2
07/09/2008;64.39
08/09/2008;59.51
09/09/2008;79
10/09/2008;70.9
11/09/2008;73.8
12/09/2008;68.18
13/09/2008;70.1
14/09/2008;68.69
15/09/2008;65.17
16/09/2008;55.41
17/09/2008;54.64
18/09/2008;58.9
19/09/2008;70.7
20/09/2008;62.07
21/09/2008;64.53
22/09/2008;84.1
23/09/2008;64.89
24/09/2008;66.4
25/09/2008;67.3
26/09/2008;67.85
27/09/2008;64.21
28/09/2008;63.32
29/09/2008;63.33
30/09/2008;64.7
01/10/2008;65.63
02/10/2008;65.73
03/10/2008;68.19
04/10/2008;71.6
05/10/2008;60.42
06/10/2008;56.93
07/10/2008;78.9
08/10/2008;78.4
09/10/2008;71.6
10/10/2008;68.75
11/10/2008;67.88
12/10/2008;73.2
13/10/2008;74.1
14/10/2008;75.7
15/10/2008;75.1
16/10/2008;77.8
17/10/2008;78.8
18/10/2008;74.6
19/10/2008;79.6
20/10/2008;73.5
21/10/2008;86.6
22/10/2008;77.2
23/10/2008;61.38
24/10/2008;69.1
25/10/2008;63.61
26/10/2008;70.6
27/10/2008;80.6
28/10/2008;80.6
29/10/2008;80.9
30/10/2008;79.9
31/10/2008;86.4
01/11/2008;77.4
02/11/2008;86.3
03/11/2008;84.7
04/11/2008;83.2
05/11/2008;80.1
06/11/2008;81
07/11/2008;86.4
08/11/2008;81.6
09/11/2008;76.5
10/11/2008;76.2
11/11/2008;86.7
12/11/2008;81.6
13/11/2008;78.1
14/11/2008;83.6
15/11/2008;77.8
16/11/2008;77.1
17/11/2008;78.8
18/11/2008;85.8
19/11/2008;77.4
20/11/2008;77
21/11/2008;79.8
22/11/2008;78.9
23/11/2008;80.4
24/11/2008;79.9
25/11/2008;81.5
26/11/2008;68.56
27/11/2008;77.4
28/11/2008;84.9
29/11/2008;80.4
30/11/2008;75.6
01/12/2008;85.7
02/12/2008;77.8
03/12/2008;81.2
04/12/2008;86.9
05/12/2008;74.8
06/12/2008;90.2
07/12/2008;88.5
08/12/2008;85.8
09/12/2008;84
10/12/2008;79.5
11/12/2008;83
12/12/2008;84.3
13/12/2008;86.8
14/12/2008;79.4
15/12/2008;86.3
16/12/2008;79.8
17/12/2008;83.1
18/12/2008;80.5
19/12/2008;77
20/12/2008;88
21/12/2008;77.2
22/12/2008;75.5
23/12/2008;73.2
24/12/2008;73.3
25/12/2008;70.1
26/12/2008;71.2
27/12/2008;65.28
28/12/2008;66.98
29/12/2008;76.4
30/12/2008;82.1
31/12/2008;75.1
01/01/2009;81.5
02/01/2009;87.7
03/01/2009;83.9
04/01/2009;77.4
05/01/2009;84.2
06/01/2009;79.1
07/01/2009;73.6
08/01/2009;69.43
09/01/2009;83.8
10/01/2009;84.5
11/01/2009;82.6
12/01/2009;80.4
13/01/2009;86.4
14/01/2009;83.7
15/01/2009;78.5
16/01/2009;79.2
17/01/2009;79.3
18/01/2009;74.3
19/01/2009;68.93
20/01/2009;69.44
21/01/2009;74.8
22/01/2009;76.5
23/01/2009;70.8
24/01/2009;60.23
25/01/2009;67
26/01/2009;72.9
27/01/2009;70.9
28/01/2009;78.6
29/01/2009;77.4
30/01/2009;66.61
31/01/2009;68.45
01/02/2009;74.5
02/02/2009;75
03/02/2009;72.9
04/02/2009;71.5
05/02/2009;68.37
06/02/2009;78.9
07/02/2009;73.3
08/02/2009;75.6
09/02/2009;72.3
10/02/2009;66.58
11/02/2009;71.2
12/02/2009;71.7
13/02/2009;59.64
14/02/2009;67.96
15/02/2009;65.4
16/02/2009;49.07
17/02/2009;46.36
18/02/2009;61.05
19/02/2009;67.18
20/02/2009;64.52
21/02/2009;58.28
22/02/2009;63.38
23/02/2009;59.72
24/02/2009;64.9
25/02/2009;58.77
26/02/2009;54.89
27/02/2009;51.68
28/02/2009;50.31
01/03/2009;69.56
02/03/2009;68.63
03/03/2009;60.44
04/03/2009;59.74
05/03/2009;65.16
06/03/2009;69.53
07/03/2009;68.09
08/03/2009;70.7
09/03/2009;58.32
10/03/2009;57.53
11/03/2009;54.69
12/03/2009;53.03
13/03/2009;48.4
14/03/2009;47.94
15/03/2009;56.43
16/03/2009;52.81
17/03/2009;38.75
18/03/2009;44.68
19/03/2009;44.04
20/03/2009;41.05
21/03/2009;34.09
22/03/2009;34.79
23/03/2009;42.86
24/03/2009;53.15
25/03/2009;38.15
26/03/2009;42.99
27/03/2009;41.68
28/03/2009;59.05
29/03/2009;53.97
30/03/2009;48.1
31/03/2009;52.65
01/04/2009;53.03
02/04/2009;52.03
03/04/2009;52.42
04/04/2009;51.8
05/04/2009;50.32
06/04/2009;45.18
07/04/2009;55.6
08/04/2009;57.71
09/04/2009;41.52
10/04/2009;66.1
11/04/2009;61.21
12/04/2009;62.65
13/04/2009;55.9
14/04/2009;63.2
15/04/2009;61.74
16/04/2009;62.84
17/04/2009;61.99
18/04/2009;58.11
19/04/2009;55.85
20/04/2009;56.72
21/04/2009;53.09
22/04/2009;48.65
23/04/2009;44.76
24/04/2009;42.38
25/04/2009;60.72
26/04/2009;52.05
27/04/2009;54.02
28/04/2009;46.7
29/04/2009;53.21
30/04/2009;56.39
01/05/2009;55.28
02/05/2009;52.81
03/05/2009;51.68
04/05/2009;55.43
05/05/2009;45.68
06/05/2009;47.47
07/05/2009;41.39
08/05/2009;48.37
09/05/2009;45.99
10/05/2009;51.11
11/05/2009;52.34
12/05/2009;56.26
13/05/2009;51.54
14/05/2009;54.4
15/05/2009;45.7
16/05/2009;45.64
17/05/2009;48.6
18/05/2009;49.83
19/05/2009;53.6
20/05/2009;48.24
21/05/2009;48.45
22/05/2009;49.44
23/05/2009;60.05
24/05/2009;66.57
25/05/2009;65.41
26/05/2009;61.54
27/05/2009;51.78
28/05/2009;50.4
29/05/2009;46.6
30/05/2009;45.18
31/05/2009;42.95
01/06/2009;42.58
02/06/2009;44.38
03/06/2009;34.95
04/06/2009;48.25
05/06/2009;52.46
06/06/2009;55.8
07/06/2009;52.79
08/06/2009;60.07
09/06/2009;58.19
10/06/2009;61.53
11/06/2009;56.87
12/06/2009;45.15
13/06/2009;41.01
14/06/2009;55.63
15/06/2009;68.16
16/06/2009;67.94
17/06/2009;61.92
18/06/2009;52.48
19/06/2009;67.08
20/06/2009;55.7
21/06/2009;52.88
22/06/2009;50.13
23/06/2009;48.62
24/06/2009;49.92
25/06/2009;53.68
26/06/2009;51.95
27/06/2009;49.04
28/06/2009;58.27
29/06/2009;61.32
30/06/2009;55.35
01/07/2009;51.77
02/07/2009;58.87
03/07/2009;55.04
04/07/2009;56.66
05/07/2009;56.24
06/07/2009;63.14
07/07/2009;58.55
08/07/2009;55.64
09/07/2009;57.06
10/07/2009;53.17
11/07/2009;47.58
12/07/2009;44.53
13/07/2009;46.93
14/07/2009;51.99
15/07/2009;47.24
16/07/2009;44.69
17/07/2009;55.71
18/07/2009;49.7
19/07/2009;50.47
20/07/2009;43.47
21/07/2009;32.85
22/07/2009;38.12
23/07/2009;60.9
24/07/2009;54.71
25/07/2009;51.17
26/07/2009;42.93
27/07/2009;51.01
28/07/2009;29.15
29/07/2009;40.02
30/07/2009;53.08
31/07/2009;49.12
01/08/2009;72.8
02/08/2009;63.04
03/08/2009;62.88
04/08/2009;52.5
05/08/2009;51.61
06/08/2009;63.65
07/08/2009;69.66
08/08/2009;70.2
09/08/2009;67.79
10/08/2009;67.1
11/08/2009;63.81
12/08/2009;58.69
13/08/2009;58.53
14/08/2009;53.88
15/08/2009;45.01
16/08/2009;46.42
17/08/2009;50.56
18/08/2009;54.04
19/08/2009;48.53
20/08/2009;51.43
21/08/2009;63.29
22/08/2009;53.67
23/08/2009;44.48
24/08/2009;47.08
25/08/2009;67.2
26/08/2009;55.99
27/08/2009;47.08
28/08/2009;67.05
29/08/2009;57.82
30/08/2009;50.34
31/08/2009;41.43
01/09/2009;54.96
02/09/2009;56.58
03/09/2009;51.53
04/09/2009;65.15
05/09/2009;55.86
06/09/2009;56.13
07/09/2009;56.66
08/09/2009;54.27
09/09/2009;51.57
10/09/2009;49.33
11/09/2009;52.84
12/09/2009;62.28
13/09/2009;62.64
14/09/2009;64.56
15/09/2009;63.82
16/09/2009;82.6
17/09/2009;81.3
18/09/2009;81
19/09/2009;71.1
20/09/2009;71.6
21/09/2009;77.8
22/09/2009;74.9
23/09/2009;63.48
24/09/2009;60.69
25/09/2009;68.06
26/09/2009;68.9
27/09/2009;70.1
28/09/2009;76.8
29/09/2009;68.38
30/09/2009;73.8
01/10/2009;81.9
02/10/2009;75.6
03/10/2009;69.61
04/10/2009;64.62
05/10/2009;49.11
06/10/2009;61.62
07/10/2009;68.87
08/10/2009;78.8
09/10/2009;80.8
10/10/2009;73.9
11/10/2009;74.1
12/10/2009;71.4
13/10/2009;49.69
14/10/2009;58.52
15/10/2009;41.45
16/10/2009;41.13
17/10/2009;56.39
18/10/2009;57.78
19/10/2009;53.35
20/10/2009;78.6
21/10/2009;84.4
22/10/2009;79.3
23/10/2009;84.7
24/10/2009;83.4
25/10/2009;88
26/10/2009;81.6
27/10/2009;78.6
28/10/2009;76
29/10/2009;73.1
30/10/2009;77.1
31/10/2009;79.8
01/11/2009;84.5
02/11/2009;72.8
03/11/2009;76.4
04/11/2009;67.07
05/11/2009;68.35
06/11/2009;75.3
07/11/2009;71.8
08/11/2009;69.74
09/11/2009;68.17
10/11/2009;81.8
11/11/2009;81.6
12/11/2009;73.5
13/11/2009;58.39
14/11/2009;69.66
15/11/2009;72
16/11/2009;60.3
17/11/2009;72.6
18/11/2009;90.2
19/11/2009;80.5
20/11/2009;82
21/11/2009;72.2
22/11/2009;78.2
23/11/2009;84.2
24/11/2009;86
25/11/2009;84.2
26/11/2009;91.9
27/11/2009;88.7
28/11/2009;78.9
29/11/2009;83.3
30/11/2009;84.3
01/12/2009;91.5
02/12/2009;84.7
03/12/2009;84.4
04/12/2009;86.4
05/12/2009;81.9
06/12/2009;86.2
07/12/2009;83.8
08/12/2009;82.1
09/12/2009;87.5
10/12/2009;90.1
11/12/2009;86.6
12/12/2009;78.1
13/12/2009;72.9
14/12/2009;76.2
15/12/2009;77.9
16/12/2009;87.8
17/12/2009;92.1
18/12/2009;89.6
19/12/2009;84.6
20/12/2009;81.2
21/12/2009;79.8
22/12/2009;85
23/12/2009;90
24/12/2009;82.9
25/12/2009;80.1
26/12/2009;90.4
27/12/2009;83.4
28/12/2009;83.9
29/12/2009;88.4
30/12/2009;85.4
31/12/2009;83.6
01/01/2010;87.4
02/01/2010;89.2
03/01/2010;89.3
04/01/2010;91
05/01/2010;81.1
06/01/2010;77.1
07/01/2010;80.2
08/01/2010;84
09/01/2010;86.7
10/01/2010;84.2
11/01/2010;87.7
12/01/2010;89.7
13/01/2010;89.9
14/01/2010;78.8
15/01/2010;90.5
16/01/2010;89.5
17/01/2010;90.2
18/01/2010;84.9
19/01/2010;87.8
20/01/2010;82.7
21/01/2010;89.1
22/01/2010;88
23/01/2010;84.9
24/01/2010;86
25/01/2010;76
26/01/2010;75.4
27/01/2010;74.9
28/01/2010;75
29/01/2010;81
30/01/2010;77.2
31/01/2010;89.5
01/02/2010;83.7
02/02/2010;76.5
03/02/2010;77.3
04/02/2010;88.1
05/02/2010;80.7
06/02/2010;82.5
07/02/2010;90.4
08/02/2010;92.5
09/02/2010;82
10/02/2010;71.2
11/02/2010;76.7
12/02/2010;77.5
13/02/2010;72
14/02/2010;76.9
15/02/2010;74.2
16/02/2010;85.2
17/02/2010;91.8
18/02/2010;80.5
19/02/2010;80.5
20/02/2010;80.8
21/02/2010;81.6
22/02/2010;80.2
23/02/2010;82.9
24/02/2010;79.3
25/02/2010;77.2
26/02/2010;74.5
27/02/2010;71.8
28/02/2010;69.79
01/03/2010;80.3
02/03/2010;64.63
03/03/2010;87.1
04/03/2010;84.2
05/03/2010;64.06
06/03/2010;69.52
07/03/2010;73.1
08/03/2010;71.3
09/03/2010;59.55
10/03/2010;64.6
11/03/2010;76.7
12/03/2010;78.5
13/03/2010;69.34
14/03/2010;67.86
15/03/2010;62.59
16/03/2010;53.96
17/03/2010;44.44
18/03/2010;50.02
19/03/2010;75.6
20/03/2010;81.7
21/03/2010;82.3
22/03/2010;81.8
23/03/2010;70.9
24/03/2010;76.1
25/03/2010;82.4
26/03/2010;78.5
27/03/2010;73.5
28/03/2010;72.7
29/03/2010;76.9
30/03/2010;71.3
31/03/2010;81
01/04/2010;72.8
02/04/2010;72.3
03/04/2010;75.6
04/04/2010;71.2
05/04/2010;57.88
06/04/2010;57.92
07/04/2010;73
08/04/2010;67.78
09/04/2010;63.48
10/04/2010;53.16
11/04/2010;60.38
12/04/2010;60.55
13/04/2010;61.9
14/04/2010;69.89
15/04/2010;79.4
16/04/2010;81
17/04/2010;77.7
18/04/2010;79.6
19/04/2010;78.1
20/04/2010;69.11
21/04/2010;72.6
22/04/2010;85
23/04/2010;77
24/04/2010;76.1
25/04/2010;72.4
26/04/2010;70.7
27/04/2010;69.23
28/04/2010;62.66
29/04/2010;62.94
30/04/2010;70.3
01/05/2010;73.3
02/05/2010;73.5
03/05/2010;76.7
04/05/2010;73.1
05/05/2010;67.7
06/05/2010;74.8
07/05/2010;83.3
08/05/2010;78.3
09/05/2010;78.2
10/05/2010;69.87
11/05/2010;74.8
12/05/2010;85
13/05/2010;83.7
14/05/2010;79.1
15/05/2010;74.3
16/05/2010;70.4
17/05/2010;66.93
18/05/2010;59.42
19/05/2010;60.94
20/05/2010;56.39
21/05/2010;59.11
22/05/2010;61.18
23/05/2010;62.06
24/05/2010;62.99
25/05/2010;68.69
26/05/2010;65.79
27/05/2010;67.48
28/05/2010;72.6
29/05/2010;70.9
30/05/2010;67.26
31/05/2010;65.34
01/06/2010;65.63
02/06/2010;59.4
03/06/2010;54.24
04/06/2010;52.02
05/06/2010;52.83
06/06/2010;73.2
07/06/2010;62.04
08/06/2010;73.7
09/06/2010;84.4
10/06/2010;84.5
11/06/2010;89.9
12/06/2010;87
13/06/2010;75.9
14/06/2010;71.7
15/06/2010;82.7
16/06/2010;89.4
17/06/2010;70.3
18/06/2010;74.1
19/06/2010;71.5
20/06/2010;66.08
21/06/2010;59.49
22/06/2010;56.47
23/06/2010;59.89
24/06/2010;56.78
25/06/2010;59.6
26/06/2010;72.6
27/06/2010;77.6
28/06/2010;69.72
29/06/2010;66.95
30/06/2010;64.02
01/07/2010;56.96
02/07/2010;73.4
03/07/2010;69.81
04/07/2010;68.41
05/07/2010;63.24
06/07/2010;61
07/07/2010;59.32
08/07/2010;45.81
09/07/2010;64.61
10/07/2010;60.38
11/07/2010;54.5
12/07/2010;51.13
13/07/2010;58.8
14/07/2010;55.17
15/07/2010;54.76
16/07/2010;56.74
17/07/2010;66.16
18/07/2010;53.83
19/07/2010;53.66
20/07/2010;56.71
21/07/2010;62.58
22/07/2010;77.7
23/07/2010;61.79
24/07/2010;55.92
25/07/2010;53.04
26/07/2010;60.21
27/07/2010;54.75
28/07/2010;55.46
29/07/2010;62.14
30/07/2010;54.56
31/07/2010;52.64
01/08/2010;61.93
02/08/2010;73.4
03/08/2010;64.38
04/08/2010;64.64
05/08/2010;61.01
06/08/2010;52.27
07/08/2010;51.47
08/08/2010;55.31
09/08/2010;60.08
10/08/2010;57.57
11/08/2010;55.59
12/08/2010;71.9
13/08/2010;64.5
14/08/2010;65.25
15/08/2010;62.59
16/08/2010;58.35
17/08/2010;57.14
18/08/2010;56.52
19/08/2010;66.47
20/08/2010;59.31
21/08/2010;49.69
22/08/2010;51.07
23/08/2010;51.38
24/08/2010;64.31
25/08/2010;53.34
26/08/2010;42.92
27/08/2010;50.81
28/08/2010;63.26
29/08/2010;52.32
30/08/2010;53.51
31/08/2010;55.01
01/09/2010;78.5
02/09/2010;73.4
03/09/2010;62.53
04/09/2010;59.44
05/09/2010;54.32
06/09/2010;56.99
07/09/2010;78.4
08/09/2010;69.32
09/09/2010;69.17
10/09/2010;63.58
11/09/2010;56.11
12/09/2010;68.32
13/09/2010;55.17
14/09/2010;55.88
15/09/2010;58.7
16/09/2010;78.4
17/09/2010;85.6
18/09/2010;71.1
19/09/2010;71.4
20/09/2010;69.78
21/09/2010;75.5
22/09/2010;67.9
23/09/2010;67.8
24/09/2010;68.89
25/09/2010;78.6
26/09/2010;72.9
27/09/2010;70.6
28/09/2010;64.49
29/09/2010;60.09
30/09/2010;71.4
01/10/2010;65.46
02/10/2010;45
03/10/2010;69.28
04/10/2010;70.4
05/10/2010;72.5
06/10/2010;70.6
07/10/2010;72.3
08/10/2010;62.49
09/10/2010;86.2
10/10/2010;87.4
11/10/2010;92.8
12/10/2010;81.7
13/10/2010;74.8
14/10/2010;77
15/10/2010;70.7
16/10/2010;75.3
17/10/2010;77.5
18/10/2010;74.1
19/10/2010;71
20/10/2010;76.9
21/10/2010;72.5
22/10/2010;68.89
23/10/2010;75.9
24/10/2010;80.9
25/10/2010;73.1
26/10/2010;64.62
27/10/2010;57.65
28/10/2010;55.46
29/10/2010;62.93
30/10/2010;84.4
31/10/2010;84.1
01/11/2010;85.9
02/11/2010;80.6
03/11/2010;83.5
04/11/2010;86.9
05/11/2010;86.7
06/11/2010;92.2
07/11/2010;88.5
08/11/2010;86.1
09/11/2010;76.4
10/11/2010;84.4
11/11/2010;89
12/11/2010;84.1
13/11/2010;78.5
14/11/2010;85.7
15/11/2010;84.9
16/11/2010;88.2
17/11/2010;88.7
18/11/2010;86.8
19/11/2010;87.4
20/11/2010;80.6
21/11/2010;88.7
22/11/2010;93.7
23/11/2010;93.6
24/11/2010;92.6
25/11/2010;84.1
26/11/2010;88.9
27/11/2010;86.6
28/11/2010;85.2
29/11/2010;80.8
30/11/2010;93.4
01/12/2010;95.8
02/12/2010;88.5
03/12/2010;93.1
04/12/2010;77.5
05/12/2010;78.5
06/12/2010;85.2
07/12/2010;86.9
08/12/2010;84.2
09/12/2010;89.9
10/12/2010;83.5
11/12/2010;89.6
12/12/2010;91.3
13/12/2010;94
14/12/2010;77.3
15/12/2010;72.7
16/12/2010;79.3
17/12/2010;85.4
18/12/2010;88.7
19/12/2010;95.4
20/12/2010;80
21/12/2010;91.5
22/12/2010;88.4
23/12/2010;92.9
24/12/2010;80.2
25/12/2010;81.9
26/12/2010;72.8
27/12/2010;73.8
28/12/2010;84.9
29/12/2010;85.9
30/12/2010;84.6
31/12/2010;85
01/01/2011;93.2
02/01/2011;89.3
03/01/2011;89.2
04/01/2011;94.4
05/01/2011;92.1
06/01/2011;85.3
07/01/2011;83.2
08/01/2011;78.2
09/01/2011;88.9
10/01/2011;93.1
11/01/2011;89.7
12/01/2011;92.8
13/01/2011;93.9
14/01/2011;97.9
15/01/2011;98.9
16/01/2011;99.8
17/01/2011;96.8
18/01/2011;92.3
19/01/2011;94.1
20/01/2011;75.5
21/01/2011;71.8
22/01/2011;73.7
23/01/2011;70.2
24/01/2011;73.9
25/01/2011;81.9
26/01/2011;80.7
27/01/2011;87.6
28/01/2011;92.7
29/01/2011;95.7
30/01/2011;91.5
31/01/2011;78.1
01/02/2011;79.1
02/02/2011;78.1
03/02/2011;82.8
04/02/2011;92.6
05/02/2011;84.3
06/02/2011;78.6
07/02/2011;75.3
08/02/2011;73.5
09/02/2011;77.4
10/02/2011;74.2
11/02/2011;78.8
12/02/2011;87.4
13/02/2011;87.1
14/02/2011;86.2
15/02/2011;92.5
16/02/2011;86.7
17/02/2011;91.4
18/02/2011;92.7
19/02/2011;89.9
20/02/2011;86.4
21/02/2011;91.2
22/02/2011;81.2
23/02/2011;84.4
24/02/2011;84.3
25/02/2011;81.2
26/02/2011;80.4
27/02/2011;72.4
28/02/2011;82
01/03/2011;85.5
02/03/2011;79.1
03/03/2011;82.6
04/03/2011;82.8
05/03/2011;71.2
06/03/2011;72.1
07/03/2011;61.85
08/03/2011;61.5
09/03/2011;70
10/03/2011;68.92
11/03/2011;68.98
12/03/2011;84.2
13/03/2011;82.7
14/03/2011;79.2
15/03/2011;84.7
16/03/2011;88.8
17/03/2011;81.5
18/03/2011;80.3
19/03/2011;74.3
20/03/2011;68.52
21/03/2011;72.9
22/03/2011;74.3
23/03/2011;64.03
24/03/2011;73.7
25/03/2011;75.6
26/03/2011;82.7
27/03/2011;86.3
28/03/2011;86.8
29/03/2011;77.8
30/03/2011;81.8
31/03/2011;81
01/04/2011;63.48
02/04/2011;61.1
03/04/2011;87
04/04/2011;80.4
05/04/2011;72
06/04/2011;60.34
07/04/2011;63.13
08/04/2011;61.94
09/04/2011;62.12
10/04/2011;70.5
11/04/2011;71.8
12/04/2011;71.2
13/04/2011;69.59
14/04/2011;62.13
15/04/2011;62.84
16/04/2011;64.47
17/04/2011;56.27
18/04/2011;47.26
19/04/2011;69.73
20/04/2011;85.9
21/04/2011;78.2
22/04/2011;85.2
23/04/2011;81.1
24/04/2011;84.3
25/04/2011;80.3
26/04/2011;76.8
27/04/2011;63.75
28/04/2011;68.36
29/04/2011;68.78
30/04/2011;85.4
01/05/2011;84.1
02/05/2011;80.2
03/05/2011;80.9
04/05/2011;77.5
05/05/2011;70.6
06/05/2011;67.55
07/05/2011;78
08/05/2011;72.9
09/05/2011;69.94
10/05/2011;63.65
11/05/2011;65.32
12/05/2011;78.6
13/05/2011;73.6
14/05/2011;80
15/05/2011;69.07
16/05/2011;69.11
17/05/2011;62.62
18/05/2011;64.92
19/05/2011;63.23
20/05/2011;70
21/05/2011;69.12
22/05/2011;77.4
23/05/2011;65.65
24/05/2011;66.34
25/05/2011;57.56
26/05/2011;73.2
27/05/2011;75.2
28/05/2011;70.5
29/05/2011;74.1
30/05/2011;76.3
31/05/2011;75.6
01/06/2011;63.71
02/06/2011;58.08
03/06/2011;66.74
04/06/2011;69.99
05/06/2011;69.53
06/06/2011;83.9
07/06/2011;77.9
08/06/2011;70.5
09/06/2011;71.6
10/06/2011;80.1
11/06/2011;66.73
12/06/2011;57.16
13/06/2011;61.24
14/06/2011;62.66
15/06/2011;60.37
16/06/2011;71.4
17/06/2011;59.61
18/06/2011;60.21
19/06/2011;60.27
20/06/2011;55.13
21/06/2011;51.74
22/06/2011;60.9
23/06/2011;61.21
24/06/2011;53.5
25/06/2011;49.04
26/06/2011;38.99
27/06/2011;48.65
28/06/2011;64.84
29/06/2011;69.69
30/06/2011;61.16
01/07/2011;53.86
02/07/2011;45.51
03/07/2011;65.5
04/07/2011;61.32
05/07/2011;54.21
06/07/2011;62.73
07/07/2011;60.19
08/07/2011;58.46
09/07/2011;61.42
10/07/2011;68.75
11/07/2011;53.91
12/07/2011;73.2
13/07/2011;73.9
14/07/2011;64.69
15/07/2011;58.79
16/07/2011;55.71
17/07/2011;62.77
18/07/2011;57.29
19/07/2011;61.73
20/07/2011;59.45
21/07/2011;66.59
22/07/2011;62.91
23/07/2011;57.92
24/07/2011;69.54
25/07/2011;70.1
26/07/2011;70.4
27/07/2011;63.57
28/07/2011;62.63
29/07/2011;58.1
30/07/2011;58.53
31/07/2011;56.6
01/08/2011;51.22
02/08/2011;76.8
03/08/2011;71.7
04/08/2011;64.21
05/08/2011;64.02
06/08/2011;62.43
07/08/2011;61.73
08/08/2011;59.7
09/08/2011;61
10/08/2011;49.97
11/08/2011;47.14
12/08/2011;53.66
13/08/2011;54.09
14/08/2011;57.31
15/08/2011;65.96
16/08/2011;59
17/08/2011;47.58
18/08/2011;67.21
19/08/2011;47.83
20/08/2011;51.76
21/08/2011;58.62
22/08/2011;76.9
23/08/2011;69.18
24/08/2011;71.9
25/08/2011;58.72
26/08/2011;59.6
27/08/2011;60.78
28/08/2011;55.92
29/08/2011;55.94
30/08/2011;54.68
31/08/2011;71.5
01/09/2011;69.59
02/09/2011;61.77
03/09/2011;83.8
04/09/2011;69.65
05/09/2011;71.5
06/09/2011;63.3
07/09/2011;54.03
08/09/2011;53.66
09/09/2011;50.54
10/09/2011;48.82
11/09/2011;67.18
12/09/2011;67.6
13/09/2011;63.67
14/09/2011;62.36
15/09/2011;50.69
16/09/2011;55.38
17/09/2011;70.7
18/09/2011;66.1
19/09/2011;65.88
20/09/2011;58.57
21/09/2011;53.22
22/09/2011;70.2
23/09/2011;63.28
24/09/2011;70.9
25/09/2011;63.49
26/09/2011;58.54
27/09/2011;55.57
28/09/2011;51.89
29/09/2011;50.7
30/09/2011;48.21
01/10/2011;53.53
02/10/2011;57.66
03/10/2011;53.44
04/10/2011;54.32
05/10/2011;58.47
06/10/2011;62.5
07/10/2011;74.7
08/10/2011;72
09/10/2011;70.6
10/10/2011;66.19
11/10/2011;61.46
12/10/2011;57.07
13/10/2011;55.86
14/10/2011;55.25
15/10/2011;57.37
16/10/2011;60.43
17/10/2011;53.9
18/10/2011;59.11
19/10/2011;70.3
20/10/2011;71.9
21/10/2011;64.88
22/10/2011;51.36
23/10/2011;59.37
24/10/2011;78.6
25/10/2011;75.8
26/10/2011;72.7
27/10/2011;84.6
28/10/2011;82.6
29/10/2011;82.7
30/10/2011;81.3
31/10/2011;80.3
01/11/2011;87.2
02/11/2011;78.2
03/11/2011;84.3
04/11/2011;83.3
05/11/2011;90.3
06/11/2011;78.3
07/11/2011;86.5
08/11/2011;85.6
09/11/2011;84
10/11/2011;87.6
11/11/2011;77.4
12/11/2011;67.81
13/11/2011;64.94
14/11/2011;76.1
15/11/2011;88.3
16/11/2011;91.3
17/11/2011;86.4
18/11/2011;81.6
19/11/2011;80.3
20/11/2011;78.8
21/11/2011;86
22/11/2011;91.6
23/11/2011;80.1
24/11/2011;83.8
25/11/2011;83.5
26/11/2011;84
27/11/2011;87.3
28/11/2011;86.8
29/11/2011;88
30/11/2011;93.6
01/12/2011;82.7
02/12/2011;86
03/12/2011;87.4
04/12/2011;87.8
05/12/2011;94.4
06/12/2011;91.3
07/12/2011;89.4
08/12/2011;90.6
09/12/2011;94.8
10/12/2011;92.4
11/12/2011;88.4
12/12/2011;81.9
13/12/2011;82.5
14/12/2011;80.8
15/12/2011;82.6
16/12/2011;84.6
17/12/2011;82.9
18/12/2011;88.4
19/12/2011;86.4
20/12/2011;88.8
21/12/2011;98.8
22/12/2011;91.1
23/12/2011;99.3
24/12/2011;79.5
25/12/2011;77
26/12/2011;77.4
27/12/2011;80.8
28/12/2011;82
29/12/2011;83.6
30/12/2011;89.5
31/12/2011;84.7
01/01/2012;95.5
02/01/2012;85.6
03/01/2012;91.6
04/01/2012;96.3
05/01/2012;93.9
06/01/2012;90.3
07/01/2012;83.2
08/01/2012;85.7
09/01/2012;92.5
10/01/2012;85.8
11/01/2012;80.7
12/01/2012;79.9
13/01/2012;88.5
14/01/2012;88.3
15/01/2012;95.9
16/01/2012;93.9
17/01/2012;85.1
18/01/2012;91
19/01/2012;89.2
20/01/2012;87.3
21/01/2012;93.2
22/01/2012;80.4
23/01/2012;85.1
24/01/2012;78.5
25/01/2012;84
26/01/2012;87.6
27/01/2012;88.5
28/01/2012;80.4
29/01/2012;81.7
30/01/2012;82.1
31/01/2012;81.1
01/02/2012;88.5
02/02/2012;70.1
03/02/2012;68.79
04/02/2012;73.1
05/02/2012;82.8
06/02/2012;89.6
07/02/2012;87.8
08/02/2012;77
09/02/2012;79.5
10/02/2012;75.1
11/02/2012;69.62
12/02/2012;63.2
13/02/2012;80.7
14/02/2012;81.6
15/02/2012;85.1
16/02/2012;83.9
17/02/2012;75.4
18/02/2012;77.2
19/02/2012;81.3
20/02/2012;63.42
21/02/2012;57.95
22/02/2012;47.37
23/02/2012;43.29
24/02/2012;55.09
25/02/2012;60.04
26/02/2012;73.4
27/02/2012;64.69
28/02/2012;63.81
29/02/2012;60.44
01/03/2012;57.54
02/03/2012;70.5
03/03/2012;81.1
04/03/2012;85.1
05/03/2012;70.6
06/03/2012;71.1
07/03/2012;68.31
08/03/2012;71.4
09/03/2012;53.89
10/03/2012;55.25
11/03/2012;62.63
12/03/2012;70.5
13/03/2012;63.95
14/03/2012;59.01
15/03/2012;54.61
16/03/2012;58.7
17/03/2012;76.3
18/03/2012;66.08
19/03/2012;72.6
20/03/2012;68.3
21/03/2012;83
22/03/2012;78.1
23/03/2012;61.53
24/03/2012;55.07
25/03/2012;57.36
26/03/2012;51.73
27/03/2012;50.68
28/03/2012;49.72
29/03/2012;48.64
30/03/2012;50.79
31/03/2012;58.1
01/04/2012;67.12
02/04/2012;82.5
03/04/2012;89.4
04/04/2012;71.7
05/04/2012;86.6
06/04/2012;88.4
07/04/2012;94.3
08/04/2012;77.4
09/04/2012;66.7
10/04/2012;73.2
11/04/2012;86.3
12/04/2012;77.7
13/04/2012;78.3
14/04/2012;81.6
15/04/2012;81.7
16/04/2012;69.58
17/04/2012;71.2
18/04/2012;81
19/04/2012;68.76
20/04/2012;71.3
21/04/2012;76.7
22/04/2012;71.8
23/04/2012;72.1
24/04/2012;57.29
25/04/2012;73.8
26/04/2012;87.2
27/04/2012;96.2
28/04/2012;93.8
29/04/2012;84.4
30/04/2012;73.9
01/05/2012;67.87
02/05/2012;64.13
03/05/2012;80.1
04/05/2012;86.9
05/05/2012;78.9
06/05/2012;78.1
07/05/2012;80.1
08/05/2012;80.6
09/05/2012;71.8
10/05/2012;63.78
11/05/2012;62.01
12/05/2012;67.51
13/05/2012;78
14/05/2012;70.7
15/05/2012;57.13
16/05/2012;65.07
17/05/2012;57.91
18/05/2012;69.44
19/05/2012;83.2
20/05/2012;86.4
21/05/2012;80.8
22/05/2012;77.8
23/05/2012;65.95
24/05/2012;69.12
25/05/2012;61.33
26/05/2012;61.32
27/05/2012;63.03
28/05/2012;57.43
29/05/2012;59.49
30/05/2012;60.72
31/05/2012;57.79
01/06/2012;54.12
02/06/2012;59.39
03/06/2012;74.8
04/06/2012;71.7
05/06/2012;60.53
06/06/2012;69.65
07/06/2012;63.93
08/06/2012;61.3
09/06/2012;65.73
10/06/2012;64.3
11/06/2012;63.29
12/06/2012;65.72
13/06/2012;60.95
14/06/2012;51.76
15/06/2012;55.35
16/06/2012;63.19
17/06/2012;59.72
18/06/2012;69.02
19/06/2012;62.04
20/06/2012;49.06
21/06/2012;50.48
22/06/2012;61.43
23/06/2012;54.75
24/06/2012;48.77
25/06/2012;48.4
26/06/2012;49.22
27/06/2012;36.44
28/06/2012;42.53
29/06/2012;55.83
30/06/2012;59.6
01/07/2012;61.75
02/07/2012;49.14
03/07/2012;45.69
04/07/2012;56.57
05/07/2012;62.71
06/07/2012;61.52
07/07/2012;55.65
08/07/2012;56.75
09/07/2012;58.2
10/07/2012;66.49
11/07/2012;67.75
12/07/2012;53.29
13/07/2012;48.96
14/07/2012;54.58
15/07/2012;60.38
16/07/2012;51.04
17/07/2012;41.83
18/07/2012;40.38
19/07/2012;48.86
20/07/2012;64.43
21/07/2012;59.11
22/07/2012;51.32
23/07/2012;45.79
24/07/2012;50.52
25/07/2012;50.68
26/07/2012;58.01
27/07/2012;77.8
28/07/2012;75.6
29/07/2012;66.59
30/07/2012;59.02
31/07/2012;46.21
01/08/2012;47.67
02/08/2012;63.91
03/08/2012;59.1
04/08/2012;60.75
05/08/2012;77.2
06/08/2012;71.3
07/08/2012;37.84
08/08/2012;40.54
09/08/2012;43.03
10/08/2012;42.25
11/08/2012;44.71
12/08/2012;55.24
13/08/2012;57.82
14/08/2012;41.99
15/08/2012;60.13
16/08/2012;54.19
17/08/2012;45.45
18/08/2012;39.73
19/08/2012;33.1
20/08/2012;44.06
21/08/2012;46.63
22/08/2012;56.19
23/08/2012;54.28
24/08/2012;54.4
25/08/2012;59.73
26/08/2012;55.19
27/08/2012;38.69
28/08/2012;44.96
29/08/2012;59.45
30/08/2012;62.61
31/08/2012;58.87
01/09/2012;58.59
02/09/2012;54.95
03/09/2012;65.04
04/09/2012;64.43
05/09/2012;67.96
06/09/2012;60.51
07/09/2012;52.72
08/09/2012;54.52
09/09/2012;58.42
10/09/2012;66.15
11/09/2012;61.02
12/09/2012;70.2
13/09/2012;66.11
14/09/2012;48.8
15/09/2012;50.72
16/09/2012;46.18
17/09/2012;46.37
18/09/2012;62.8
19/09/2012;67.9
20/09/2012;59.24
21/09/2012;58.42
22/09/2012;59.68
23/09/2012;61.62
24/09/2012;62.67
25/09/2012;74.1
26/09/2012;76.4
27/09/2012;74.3
28/09/2012;84
29/09/2012;83.2
30/09/2012;73.9
01/10/2012;78.7
02/10/2012;72.1
03/10/2012;70.2
04/10/2012;71.5
05/10/2012;67.06
06/10/2012;70.6
07/10/2012;75
08/10/2012;66.29
09/10/2012;77.4
10/10/2012;81
11/10/2012;83
12/10/2012;77.2
13/10/2012;73.6
14/10/2012;78
15/10/2012;73.2
16/10/2012;60.97
17/10/2012;63.3
18/10/2012;80.8
19/10/2012;84.7
20/10/2012;87.5
21/10/2012;93.5
22/10/2012;84.8
23/10/2012;80.2
24/10/2012;81
25/10/2012;81.3
26/10/2012;88.6
27/10/2012;84.6
28/10/2012;85.4
29/10/2012;81.1
30/10/2012;87.6
31/10/2012;91.3
01/11/2012;81.8
02/11/2012;80.5
03/11/2012;83
04/11/2012;89.1
05/11/2012;81.5
06/11/2012;80.1
07/11/2012;71.5
08/11/2012;84.3
09/11/2012;90.6
10/11/2012;90.7
11/11/2012;84.9
12/11/2012;78
13/11/2012;76.7
14/11/2012;82.4
15/11/2012;78.1
16/11/2012;74.9
17/11/2012;84.5
18/11/2012;84.4
19/11/2012;86.6
20/11/2012;84.6
21/11/2012;80.3
22/11/2012;84.2
23/11/2012;78.8
24/11/2012;73.9
25/11/2012;93.2
26/11/2012;87.9
27/11/2012;91.6
28/11/2012;92.7
29/11/2012;86.7
30/11/2012;84.7
01/12/2012;81.9
02/12/2012;83.2
03/12/2012;81.8
04/12/2012;82.1
05/12/2012;82.9
06/12/2012;89.6
07/12/2012;89.3
08/12/2012;86.3
09/12/2012;88.5
10/12/2012;97.4
11/12/2012;98.4
12/12/2012;93.7
13/12/2012;87.6
14/12/2012;85
15/12/2012;82.7
16/12/2012;89
17/12/2012;85.3
18/12/2012;95.6
19/12/2012;91.2
20/12/2012;81.8
21/12/2012;81.8
22/12/2012;88.7
23/12/2012;89.1
24/12/2012;66.67
25/12/2012;84
26/12/2012;95.3
27/12/2012;95.1
28/12/2012;90.5
29/12/2012;90.5
30/12/2012;93.2
31/12/2012;84.4
01/01/2013;86.6
02/01/2013;89.3
03/01/2013;79
04/01/2013;84.5
05/01/2013;87.1
06/01/2013;90.4
07/01/2013;94.2
08/01/2013;91.2
09/01/2013;93.5
10/01/2013;92
11/01/2013;90.1
12/01/2013;86.7
13/01/2013;92.5
14/01/2013;87.7
15/01/2013;84.6
16/01/2013;90.7
17/01/2013;89.5
18/01/2013;90.5
19/01/2013;86.4
20/01/2013;88.7
21/01/2013;77.9
22/01/2013;91.1
23/01/2013;91
24/01/2013;81.4
25/01/2013;91.7
26/01/2013;78.3
27/01/2013;86.5
28/01/2013;90.9
29/01/2013;89.7
30/01/2013;86.2
31/01/2013;84.7
01/02/2013;84.4
02/02/2013;90.2
03/02/2013;87.9
04/02/2013;82.8
05/02/2013;80.4
06/02/2013;79.8
07/02/2013;80
08/02/2013;83.4
09/02/2013;84.9
10/02/2013;87.5
11/02/2013;77.9
12/02/2013;78.3
13/02/2013;85.7
14/02/2013;83.1
15/02/2013;83.8
16/02/2013;83.6
17/02/2013;88.6
18/02/2013;83.5
19/02/2013;80.9
20/02/2013;84.4
21/02/2013;93.2
22/02/2013;88.6
23/02/2013;77.8
24/02/2013;81.3
25/02/2013;80.9
26/02/2013;86.1
27/02/2013;80.6
28/02/2013;79.5
01/03/2013;78.9
02/03/2013;70.6
03/03/2013;65.71
04/03/2013;71.2
05/03/2013;73.9
06/03/2013;83.7
07/03/2013;84.8
08/03/2013;84.1
09/03/2013;77.1
10/03/2013;79.2
11/03/2013;80.1
12/03/2013;80.6
13/03/2013;84.1
14/03/2013;78.2
15/03/2013;75.5
16/03/2013;78
17/03/2013;91.2
18/03/2013;77.7
19/03/2013;79.8
20/03/2013;77.4
21/03/2013;67.93
22/03/2013;77.9
23/03/2013;72.3
24/03/2013;82.5
25/03/2013;91.5
26/03/2013;89.7
27/03/2013;86.4
28/03/2013;83
29/03/2013;87.6
30/03/2013;76.6
31/03/2013;77.9
01/04/2013;79.9
02/04/2013;83.3
03/04/2013;80.9
04/04/2013;87.3
05/04/2013;80.7
06/04/2013;76
07/04/2013;81.6
08/04/2013;73.1
09/04/2013;75.9
10/04/2013;80.4
11/04/2013;78.6
12/04/2013;74.5
13/04/2013;70
14/04/2013;60.53
15/04/2013;73.7
16/04/2013;71.2
17/04/2013;68.85
18/04/2013;77.6
19/04/2013;61.34
20/04/2013;61.47
21/04/2013;58.52
22/04/2013;60.38
23/04/2013;60.65
24/04/2013;57.51
25/04/2013;58.97
26/04/2013;79.6
27/04/2013;76.7
28/04/2013;73.3
29/04/2013;82.2
30/04/2013;83.3
01/05/2013;80.2
02/05/2013;78.4
03/05/2013;73.2
04/05/2013;69.76
05/05/2013;63.24
06/05/2013;65.72
07/05/2013;70.5
08/05/2013;72
09/05/2013;89.5
10/05/2013;74.1
11/05/2013;69.14
12/05/2013;67.42
13/05/2013;64.6
14/05/2013;66.92
15/05/2013;76.9
16/05/2013;76.8
17/05/2013;83
18/05/2013;80.2
19/05/2013;87.4
20/05/2013;72.8
21/05/2013;76.3
22/05/2013;72.7
23/05/2013;71.9
24/05/2013;61.54
25/05/2013;65.36
26/05/2013;65.39
27/05/2013;70.4
28/05/2013;69.37
29/05/2013;69.91
30/05/2013;75.2
31/05/2013;73.8
01/06/2013;67.86
02/06/2013;72.9
03/06/2013;67.88
04/06/2013;62.82
05/06/2013;57.81
06/06/2013;69.65
07/06/2013;84.7
08/06/2013;85.6
09/06/2013;84.4
10/06/2013;85.1
11/06/2013;73.9
12/06/2013;73.2
13/06/2013;78.6
14/06/2013;69.77
15/06/2013;66.75
16/06/2013;60.5
17/06/2013;68.57
18/06/2013;81.6
19/06/2013;89.2
20/06/2013;75.3
21/06/2013;78.2
22/06/2013;72.9
23/06/2013;70.8
24/06/2013;60.19
25/06/2013;59.26
26/06/2013;67.23
27/06/2013;64.6
28/06/2013;57.18
29/06/2013;57.74
30/06/2013;59.57
01/07/2013;63.52
02/07/2013;56.71
03/07/2013;63.21
04/07/2013;61.3
05/07/2013;57.25
06/07/2013;60.45
07/07/2013;55.84
08/07/2013;57.49
09/07/2013;58.76
10/07/2013;61.86
11/07/2013;56.81
12/07/2013;60.94
13/07/2013;67.49
14/07/2013;69.01
15/07/2013;80.1
16/07/2013;72.2
17/07/2013;65.74
18/07/2013;61.08
19/07/2013;58.64
20/07/2013;55.4
21/07/2013;55.28
22/07/2013;63.52
23/07/2013;61.11
24/07/2013;61.08
25/07/2013;56.47
26/07/2013;61.65
27/07/2013;70.5
28/07/2013;70.4
29/07/2013;68.8
30/07/2013;60.21
31/07/2013;42.93
01/08/2013;38.42
02/08/2013;51.22
03/08/2013;58.03
04/08/2013;60.22
05/08/2013;58.69
06/08/2013;67.91
07/08/2013;72.3
08/08/2013;70.9
09/08/2013;59.18
10/08/2013;55.61
11/08/2013;52.12
12/08/2013;63.28
13/08/2013;69.98
14/08/2013;62.89
15/08/2013;55.46
16/08/2013;59.51
17/08/2013;60.38
18/08/2013;56.37
19/08/2013;68.65
20/08/2013;53.89
21/08/2013;54.33
22/08/2013;51.02
23/08/2013;63.86
24/08/2013;62.44
25/08/2013;61.46
26/08/2013;64.72
27/08/2013;64.58
28/08/2013;59.24
29/08/2013;64.91
30/08/2013;62.66
31/08/2013;60.93
01/09/2013;64.85
02/09/2013;58.41
03/09/2013;55.01
04/09/2013;47.91
05/09/2013;58.51
06/09/2013;76.3
07/09/2013;81.6
08/09/2013;79.7
09/09/2013;67.81
10/09/2013;71.8
11/09/2013;61.29
12/09/2013;65.51
13/09/2013;69.01
14/09/2013;63.8
15/09/2013;65.24
16/09/2013;65.25
17/09/2013;68.08
18/09/2013;68.32
19/09/2013;68.73
20/09/2013;71.2
21/09/2013;63.93
22/09/2013;59.92
23/09/2013;58.35
24/09/2013;57.52
25/09/2013;61.65
26/09/2013;58.32
27/09/2013;64
28/09/2013;90.2
29/09/2013;84.2
30/09/2013;82
01/10/2013;91.5
02/10/2013;87
03/10/2013;72.1
04/10/2013;80.2
05/10/2013;78.2
06/10/2013;77.2
07/10/2013;75.2
08/10/2013;77.3
09/10/2013;76
10/10/2013;76.9
11/10/2013;72
12/10/2013;76.4
13/10/2013;80.7
14/10/2013;87.7
15/10/2013;88.5
16/10/2013;80
17/10/2013;79.7
18/10/2013;65.69
19/10/2013;71.1
20/10/2013;74.9
21/10/2013;68.53
22/10/2013;80.9
23/10/2013;82.5
24/10/2013;81.3
25/10/2013;89.9
26/10/2013;83.2
27/10/2013;83.8
28/10/2013;88.8
29/10/2013;84.4
30/10/2013;83.4
31/10/2013;82.8
01/11/2013;80.3
02/11/2013;82.4
03/11/2013;79.5
04/11/2013;88.5
05/11/2013;81.1
06/11/2013;88.1
07/11/2013;79.6
08/11/2013;78
09/11/2013;81.9
10/11/2013;82.8
11/11/2013;83.9
12/11/2013;82
13/11/2013;80.7
14/11/2013;69.19
15/11/2013;81.8
16/11/2013;91
17/11/2013;86.1
18/11/2013;86.3
19/11/2013;87.2
20/11/2013;85.1
21/11/2013;81.6
22/11/2013;86.2
23/11/2013;87.2
24/11/2013;84.4
25/11/2013;80.2
26/11/2013;73
27/11/2013;70.6
28/11/2013;74.9
29/11/2013;85.1
30/11/2013;82.3
01/12/2013;72.8
02/12/2013;77
03/12/2013;78.5
04/12/2013;82.3
05/12/2013;87.4
06/12/2013;84.9
07/12/2013;91.3
08/12/2013;84.4
09/12/2013;81.5
10/12/2013;78.6
11/12/2013;52.84
12/12/2013;74.8
13/12/2013;92.2
14/12/2013;88.2
15/12/2013;89.2
16/12/2013;83.8
17/12/2013;84.7
18/12/2013;90.5
19/12/2013;86.5
20/12/2013;86.1
21/12/2013;92.9
22/12/2013;85.1
23/12/2013;88
24/12/2013;84.1
25/12/2013;86.6
26/12/2013;83.9
27/12/2013;86.5
28/12/2013;80.7
29/12/2013;90.3
30/12/2013;88.7
31/12/2013;90.1
01/01/2014;90.4
02/01/2014;92.2
03/01/2014;91.3
04/01/2014;84.5
05/01/2014;91.7
06/01/2014;79.1
07/01/2014;84
08/01/2014;67.26
09/01/2014;70.8
10/01/2014;84.9
11/01/2014;90.4
12/01/2014;88
13/01/2014;83.2
14/01/2014;89.9
15/01/2014;88.7
16/01/2014;86.9
17/01/2014;79.8
18/01/2014;90.7
19/01/2014;89.9
20/01/2014;83.1
21/01/2014;94.4
22/01/2014;88.1
23/01/2014;87.1
24/01/2014;87.9
25/01/2014;86
26/01/2014;91.4
27/01/2014;73.1
28/01/2014;86.4
29/01/2014;89.1
30/01/2014;82.4
31/01/2014;84.1
01/02/2014;79.2
02/02/2014;83.9
03/02/2014;86.8
04/02/2014;86.9
05/02/2014;77.1
06/02/2014;77.7
07/02/2014;82.4
08/02/2014;77.6
09/02/2014;87.7
10/02/2014;73.1
11/02/2014;94.7
12/02/2014;90.9
13/02/2014;79.6
14/02/2014;79.9
15/02/2014;84
16/02/2014;88
17/02/2014;70.9
18/02/2014;82.9
19/02/2014;83.6
20/02/2014;87.6
21/02/2014;69.27
22/02/2014;88.2
23/02/2014;73
24/02/2014;75.9
25/02/2014;83.3
26/02/2014;77.1
27/02/2014;88.8
28/02/2014;74.6
01/03/2014;91
02/03/2014;88.6
03/03/2014;70.4
04/03/2014;79.5
05/03/2014;81.6
06/03/2014;68.13
07/03/2014;62.94
08/03/2014;60.07
09/03/2014;46.06
10/03/2014;52.96
11/03/2014;49.52
12/03/2014;59.64
13/03/2014;60.11
14/03/2014;63.76
15/03/2014;62.44
16/03/2014;52.61
17/03/2014;60.72
18/03/2014;72.8
19/03/2014;68.23
20/03/2014;65.09
21/03/2014;67.09
22/03/2014;68.24
23/03/2014;64.37
24/03/2014;82.2
25/03/2014;79.5
26/03/2014;80.3
27/03/2014;73.3
28/03/2014;60.36
29/03/2014;67.95
30/03/2014;71.1
31/03/2014;65.61
01/04/2014;62.27
02/04/2014;73.8
03/04/2014;82.3
04/04/2014;84
05/04/2014;84.7
06/04/2014;77.1
07/04/2014;69.73
08/04/2014;73.8
09/04/2014;69.86
10/04/2014;62.58
11/04/2014;70.9
12/04/2014;74.6
13/04/2014;70.1
14/04/2014;67.53
15/04/2014;72.5
16/04/2014;67.39
17/04/2014;58.43
18/04/2014;55.51
19/04/2014;67.19
20/04/2014;86.1
21/04/2014;78.8
22/04/2014;76
23/04/2014;77.8
24/04/2014;77.4
25/04/2014;69.3
26/04/2014;81.2
27/04/2014;70.5
28/04/2014;74.4
29/04/2014;77.2
30/04/2014;76.9
01/05/2014;74.2
02/05/2014;70.4
03/05/2014;67.51
04/05/2014;61.98
05/05/2014;57.61
06/05/2014;59.55
07/05/2014;67.61
08/05/2014;66.13
09/05/2014;66.94
10/05/2014;65.71
11/05/2014;74
12/05/2014;69.33
13/05/2014;61.79
14/05/2014;57.6
15/05/2014;57.04
16/05/2014;46.84
17/05/2014;53.35
18/05/2014;53.07
19/05/2014;57.14
20/05/2014;57.31
21/05/2014;69.73
22/05/2014;78.3
23/05/2014;65.44
24/05/2014;66.12
25/05/2014;74.8
26/05/2014;67.33
27/05/2014;65.62
28/05/2014;85
29/05/2014;79.6
30/05/2014;74.5
31/05/2014;78
01/06/2014;72.3
02/06/2014;68.11
03/06/2014;56.9
04/06/2014;67.61
05/06/2014;54.28
06/06/2014;51.08
07/06/2014;58.79
08/06/2014;55.21
09/06/2014;60.27
10/06/2014;67.75
11/06/2014;55.16
12/06/2014;54.55
13/06/2014;57.91
14/06/2014;56.08
15/06/2014;59.6
16/06/2014;62.07
17/06/2014;60.05
18/06/2014;55.74
19/06/2014;52.16
20/06/2014;57.42
21/06/2014;55.95
22/06/2014;54.93
23/06/2014;57.52
24/06/2014;85.3
25/06/2014;71.8
26/06/2014;71.5
27/06/2014;54.88
28/06/2014;68.02
29/06/2014;62.15
30/06/2014;55.67
01/07/2014;57.73
02/07/2014;76.6
03/07/2014;81.6
04/07/2014;65.69
05/07/2014;59.35
06/07/2014;75.6
07/07/2014;65.19
08/07/2014;66.12
09/07/2014;61.56
10/07/2014;60.41
11/07/2014;66.13
12/07/2014;62.25
13/07/2014;58.02
14/07/2014;59.89
15/07/2014;55.96
;20.06
;22.18

