Fecha;Temp Media
25/07/2000;16.93
26/07/2000;16.35
27/07/2000;19.15
27/07/2000;19.15
27/07/2000;19.15
27/07/2000;19.15
27/07/2000;19.15
28/07/2000;18.78
29/07/2000;19.44
30/07/2000;21.8
31/07/2000;24.51
01/08/2000;23.84
02/08/2000;19.24
03/08/2000;15.66
04/08/2000;14.03
05/08/2000;14.19
06/08/2000;15.95
07/08/2000;17.71
08/08/2000;20.61
09/08/2000;22.13
10/08/2000;23.42
11/08/2000;18.54
12/08/2000;18.11
13/08/2000;20.95
14/08/2000;21.75
15/08/2000;23.38
16/08/2000;24.4
17/08/2000;22.34
18/08/2000;21.51
19/08/2000;21.43
20/08/2000;19.16
21/08/2000;16.53
22/08/2000;16.24
23/08/2000;16.58
24/08/2000;20.06
25/08/2000;19.31
26/08/2000;15.78
27/08/2000;16.1
28/08/2000;16.68
29/08/2000;19.29
30/08/2000;17
31/08/2000;16.2
01/09/2000;17.42
02/09/2000;17.3
03/09/2000;16.22
04/09/2000;15.14
05/09/2000;14.59
06/09/2000;16.25
07/09/2000;17.85
08/09/2000;21.58
09/09/2000;23.37
10/09/2000;22.92
11/09/2000;18.29
12/09/2000;17.46
13/09/2000;18.45
14/09/2000;18.06
15/09/2000;18.3
16/09/2000;17.94
17/09/2000;16.66
18/09/2000;15.68
19/09/2000;12.41
20/09/2000;10.25
21/09/2000;11.79
22/09/2000;13.82
23/09/2000;17.06
24/09/2000;14.41
25/09/2000;15.54
26/09/2000;15.87
27/09/2000;14.3
28/09/2000;11.11
29/09/2000;10.13
30/09/2000;9.3
01/10/2000;9.97
02/10/2000;10.5
03/10/2000;11.53
04/10/2000;13.18
05/10/2000;13.18
06/10/2000;10.91
07/10/2000;11.22
08/10/2000;10.94
09/10/2000;12.91
10/10/2000;13.47
11/10/2000;10.14
12/10/2000;6.48
13/10/2000;6.01
14/10/2000;7.31
15/10/2000;5.2
16/10/2000;8.29
17/10/2000;9.4
18/10/2000;11.11
19/10/2000;12.95
20/10/2000;11.37
21/10/2000;8.09
22/10/2000;11.65
23/10/2000;12.68
24/10/2000;13.89
25/10/2000;11.81
26/10/2000;11.66
27/10/2000;10.25
28/10/2000;11.25
29/10/2000;9.56
30/10/2000;7.27
31/10/2000;5.84
01/11/2000;5.91
02/11/2000;9.34
03/11/2000;5.55
04/11/2000;4.76
05/11/2000;9.35
06/11/2000;6.7
07/11/2000;4
08/11/2000;3.35
09/11/2000;3.16
10/11/2000;2.92
11/11/2000;6.16
12/11/2000;8.94
13/11/2000;5.64
14/11/2000;2.72
15/11/2000;2.26
16/11/2000;2.63
17/11/2000;2.97
18/11/2000;3.56
19/11/2000;6.59
20/11/2000;5.46
21/11/2000;6.29
22/11/2000;8.82
23/11/2000;6.81
24/11/2000;2.58
25/11/2000;10.24
26/11/2000;11.31
27/11/2000;10.31
28/11/2000;10.87
29/11/2000;8.39
30/11/2000;7.04
01/12/2000;9.13
02/12/2000;6.33
03/12/2000;5.54
04/12/2000;9.56
05/12/2000;9.14
06/12/2000;8.5
07/12/2000;11.45
08/12/2000;6.91
09/12/2000;6.35
10/12/2000;8.82
11/12/2000;7.72
12/12/2000;7.27
13/12/2000;8.78
14/12/2000;8.12
15/12/2000;2.44
16/12/2000;0.17
17/12/2000;2.08
18/12/2000;7.23
19/12/2000;6.02
20/12/2000;5.51
21/12/2000;5.56
22/12/2000;6.63
23/12/2000;6.22
24/12/2000;6.18
25/12/2000;5.77
26/12/2000;5.33
27/12/2000;4.21
28/12/2000;2.98
29/12/2000;5.04
30/12/2000;3.1
31/12/2000;2.44
01/01/2001;7.97
02/01/2001;5.67
03/01/2001;6.08
04/01/2001;7.19
05/01/2001;9.44
06/01/2001;4.4
07/01/2001;1.83
08/01/2001;0.28
09/01/2001;4.97
10/01/2001;8.09
11/01/2001;6.66
12/01/2001;4.99
13/01/2001;3.71
14/01/2001;4.71
15/01/2001;3.63
16/01/2001;2.96
17/01/2001;3.8
18/01/2001;4.53
19/01/2001;2.91
20/01/2001;1.2
21/01/2001;1.62
22/01/2001;4.55
23/01/2001;9.49
25/01/2001;3.05
26/01/2001;4.69
27/01/2001;5.32
28/01/2001;3.07
29/01/2001;2.36
30/01/2001;2.8
31/01/2001;5.81
01/02/2001;6.26
02/02/2001;4.71
03/02/2001;4.78
04/02/2001;5.8
05/02/2001;7.18
07/02/2001;6.24
08/02/2001;4.51
09/02/2001;3.15
10/02/2001;7.85
11/02/2001;7.38
12/02/2001;6.68
13/02/2001;5.47
14/02/2001;4.47
15/02/2001;5.75
16/02/2001;4.62
17/02/2001;3.45
18/02/2001;1.54
19/02/2001;1.67
20/02/2001;3.52
21/02/2001;3.43
22/02/2001;3.62
23/02/2001;4.16
24/02/2001;3.94
25/02/2001;0.36
26/02/2001;1.3
27/02/2001;2.08
28/02/2001;1.3
01/03/2001;2.6
02/03/2001;9.68
03/03/2001;8.45
04/03/2001;9.17
05/03/2001;10.61
06/03/2001;13.61
07/03/2001;10.29
08/03/2001;7.4
09/03/2001;10.36
10/03/2001;13.12
11/03/2001;13.07
12/03/2001;8.7
13/03/2001;5.8
14/03/2001;6.22
15/03/2001;9.39
16/03/2001;9.31
17/03/2001;6.89
18/03/2001;8.64
19/03/2001;10.15
20/03/2001;12.28
21/03/2001;13.2
22/03/2001;14.37
23/03/2001;14.58
24/03/2001;10.97
25/03/2001;7.62
26/03/2001;7.22
27/03/2001;7.59
28/03/2001;7.79
29/03/2001;8.53
30/03/2001;9.8
31/03/2001;11.52
01/04/2001;12.89
02/04/2001;11.48
03/04/2001;8.29
04/04/2001;10.5
05/04/2001;12.58
06/04/2001;11.98
07/04/2001;8.33
08/04/2001;7.51
09/04/2001;10.04
10/04/2001;11.17
11/04/2001;7.56
12/04/2001;7.26
13/04/2001;6.86
14/04/2001;8.04
15/04/2001;9.76
16/04/2001;9.81
17/04/2001;8.21
18/04/2001;7.06
19/04/2001;6.42
20/04/2001;2.98
21/04/2001;4.18
22/04/2001;7.87
23/04/2001;12.06
24/04/2001;11.45
25/04/2001;7.7
26/04/2001;9.04
27/04/2001;8.67
28/04/2001;10.96
29/04/2001;10.85
30/04/2001;2.63
01/05/2001;4.79
02/05/2001;6.66
03/05/2001;6.69
04/05/2001;5.95
05/05/2001;6.12
06/05/2001;5.5
07/05/2001;7.59
08/05/2001;9.31
09/05/2001;10.7
10/05/2001;10.48
11/05/2001;12.04
12/05/2001;14.39
13/05/2001;11.46
14/05/2001;10.22
15/05/2001;12.78
16/05/2001;13.59
17/05/2001;13.94
18/05/2001;11.85
19/05/2001;12.07
20/05/2001;13.95
21/05/2001;13.74
22/05/2001;13.98
23/05/2001;15.21
24/05/2001;17.49
25/05/2001;16.9
26/05/2001;18.4
27/05/2001;20.99
28/05/2001;22.52
29/05/2001;23.32
30/05/2001;24.41
31/05/2001;19.79
01/06/2001;17.35
02/06/2001;18.07
03/06/2001;18.33
04/06/2001;18.91
05/06/2001;17.28
06/06/2001;15.6
07/06/2001;18.4
08/06/2001;18.09
09/06/2001;15.41
10/06/2001;12.13
11/06/2001;13.62
12/06/2001;16.45
13/06/2001;18.11
14/06/2001;18.7
15/06/2001;15.8
16/06/2001;14.46
17/06/2001;13.48
18/06/2001;14.57
19/06/2001;18.67
20/06/2001;22.4
21/06/2001;23.45
22/06/2001;24.77
23/06/2001;22.03
24/06/2001;24.43
25/06/2001;25.04
26/06/2001;21.89
27/06/2001;16.62
28/06/2001;17.42
29/06/2001;21.74
30/06/2001;21.77
01/07/2001;23.38
02/07/2001;22.65
03/07/2001;21.76
04/07/2001;15.43
05/07/2001;12.78
06/07/2001;12.7
07/07/2001;15.63
08/07/2001;18.31
09/07/2001;17.93
10/07/2001;20.56
11/07/2001;20.42
12/07/2001;21.21
13/07/2001;20.58
14/07/2001;16.74
15/07/2001;13.57
16/07/2001;17.63
17/07/2001;18.39
18/07/2001;15.82
19/07/2001;13.78
20/07/2001;14.94
21/07/2001;19.47
22/07/2001;22.08
23/07/2001;19.5
24/07/2001;20.29
25/07/2001;22.7
26/07/2001;22.77
27/07/2001;19.35
28/07/2001;18.84
29/07/2001;22.4
30/07/2001;23.93
31/07/2001;27.41
01/08/2001;26.72
02/08/2001;19.75
03/08/2001;18.62
04/08/2001;17.88
05/08/2001;19.45
06/08/2001;21.7
07/08/2001;22.44
08/08/2001;20.25
09/08/2001;17
10/08/2001;17.38
11/08/2001;20.41
12/08/2001;22.45
13/08/2001;21.75
14/08/2001;22.13
15/08/2001;22.5
16/08/2001;17.98
17/08/2001;18.16
18/08/2001;18.38
19/08/2001;16.94
20/08/2001;18.83
21/08/2001;21.55
22/08/2001;22.48
23/08/2001;22.13
24/08/2001;23.28
25/08/2001;22.89
26/08/2001;21.06
27/08/2001;23.54
28/08/2001;21.87
29/08/2001;19.01
30/08/2001;18.03
31/08/2001;16.75
01/09/2001;14.82
02/09/2001;15.61
03/09/2001;17.67
04/09/2001;17.22
05/09/2001;16.23
06/09/2001;14.37
07/09/2001;15.63
08/09/2001;16.57
09/09/2001;16.09
10/09/2001;14.67
11/09/2001;14.12
12/09/2001;15.59
13/09/2001;17.89
14/09/2001;15.29
15/09/2001;13.94
16/09/2001;13.17
17/09/2001;12.22
18/09/2001;11.1
19/09/2001;11.35
20/09/2001;14.88
21/09/2001;19.18
22/09/2001;15.22
23/09/2001;13.03
24/09/2001;11.57
25/09/2001;10.67
26/09/2001;12.6
27/09/2001;13.4
28/09/2001;14.73
29/09/2001;14.43
30/09/2001;15.46
01/10/2001;16.56
02/10/2001;17.92
03/10/2001;13.07
04/10/2001;13.06
05/10/2001;14.72
06/10/2001;13.76
07/10/2001;12.22
08/10/2001;10.97
09/10/2001;7.95
10/10/2001;10.98
11/10/2001;17.93
12/10/2001;17.23
13/10/2001;13.7
14/10/2001;13.93
15/10/2001;12.48
16/10/2001;12.39
17/10/2001;14.63
18/10/2001;12.96
19/10/2001;11.32
20/10/2001;9.59
21/10/2001;11.74
22/10/2001;13.36
23/10/2001;10.81
24/10/2001;8.64
25/10/2001;8.99
26/10/2001;9.65
27/10/2001;13
28/10/2001;17.42
29/10/2001;17.33
30/10/2001;14.59
31/10/2001;12.42
01/11/2001;9.11
02/11/2001;8.89
03/11/2001;8.68
04/11/2001;8.23
05/11/2001;6.17
06/11/2001;6.91
07/11/2001;6.09
08/11/2001;4.64
09/11/2001;0.79
10/11/2001;-0.41
11/11/2001;1.01
12/11/2001;5.28
13/11/2001;6.46
14/11/2001;1.75
15/11/2001;1.05
16/11/2001;3.33
17/11/2001;3.88
18/11/2001;2.06
19/11/2001;1.76
20/11/2001;2.98
21/11/2001;1.34
22/11/2001;0.26
23/11/2001;5.1
24/11/2001;5.63
25/11/2001;5.79
26/11/2001;3.62
27/11/2001;3.3
28/11/2001;2.33
29/11/2001;3.11
30/11/2001;3.22
01/12/2001;3.69
02/12/2001;2.78
03/12/2001;0.66
04/12/2001;0.43
05/12/2001;-0.1
06/12/2001;1.21
07/12/2001;0.79
08/12/2001;2.15
09/12/2001;2.67
10/12/2001;3.35
11/12/2001;2.84
12/12/2001;-0.96
13/12/2001;-2.43
14/12/2001;-0.88
15/12/2001;-6.03
16/12/2001;-5.48
17/12/2001;-4.89
18/12/2001;-2.83
19/12/2001;1.91
20/12/2001;1.14
21/12/2001;-3.63
22/12/2001;-5.9
23/12/2001;-3.38
24/12/2001;-3.84
25/12/2001;-6.32
26/12/2001;-4.21
27/12/2001;-3.99
28/12/2001;-3.11
29/12/2001;0.95
30/12/2001;4.91
31/12/2001;6.33
01/01/2002;6.12
02/01/2002;6.74
03/01/2002;6.86
04/01/2002;5.96
05/01/2002;6.57
06/01/2002;1.83
07/01/2002;-0.64
08/01/2002;-0.2
09/01/2002;2.1
10/01/2002;0.39
11/01/2002;-0.01
12/01/2002;1.68
13/01/2002;5.29
14/01/2002;3.9
15/01/2002;2.93
16/01/2002;2.07
17/01/2002;1.85
18/01/2002;2.96
19/01/2002;4.29
20/01/2002;4.18
21/01/2002;5.78
22/01/2002;3.76
23/01/2002;7.35
24/01/2002;5.06
25/01/2002;6.66
26/01/2002;8.07
27/01/2002;8.43
28/01/2002;5.57
29/01/2002;4.41
30/01/2002;6.42
31/01/2002;6.02
01/02/2002;4.77
02/02/2002;7.14
03/02/2002;7.88
04/02/2002;5.99
05/02/2002;7.79
06/02/2002;3.57
07/02/2002;5.84
08/02/2002;5.6
09/02/2002;6.25
10/02/2002;5.29
11/02/2002;5.18
12/02/2002;7.88
13/02/2002;6.87
14/02/2002;3.1
15/02/2002;2.7
16/02/2002;2.01
17/02/2002;0.96
18/02/2002;2.22
19/02/2002;2.17
20/02/2002;1.93
21/02/2002;5.12
22/02/2002;5.11
23/02/2002;5.71
24/02/2002;5.16
25/02/2002;5.21
26/02/2002;6.64
27/02/2002;8.09
28/02/2002;5.66
01/03/2002;3.88
02/03/2002;1.55
03/03/2002;3.3
04/03/2002;4.14
05/03/2002;3.45
06/03/2002;4.38
07/03/2002;5.96
08/03/2002;8.66
09/03/2002;5.7
10/03/2002;7.33
11/03/2002;9.93
12/03/2002;11
13/03/2002;7.65
14/03/2002;5.9
15/03/2002;6.57
16/03/2002;6.14
17/03/2002;5.18
18/03/2002;8.98
19/03/2002;9.73
20/03/2002;9.96
21/03/2002;10.97
22/03/2002;11.31
23/03/2002;12.5
24/03/2002;10.76
25/03/2002;8.75
26/03/2002;8.36
27/03/2002;6.97
28/03/2002;8.25
29/03/2002;8.69
30/03/2002;9.09
31/03/2002;10.46
01/04/2002;12.58
02/04/2002;11.21
03/04/2002;4.65
04/04/2002;4.16
05/04/2002;6.65
06/04/2002;7.12
07/04/2002;7.4
08/04/2002;9.29
09/04/2002;8.26
10/04/2002;3.52
11/04/2002;2.72
12/04/2002;6.34
13/04/2002;4.43
14/04/2002;5.18
15/04/2002;3.92
16/04/2002;5.31
17/04/2002;8.21
18/04/2002;9.28
19/04/2002;11.15
20/04/2002;11.61
21/04/2002;11.78
22/04/2002;11.83
23/04/2002;12.65
24/04/2002;13.91
25/04/2002;14.55
26/04/2002;14.24
27/04/2002;12.82
28/04/2002;13.01
29/04/2002;10.55
30/04/2002;14.61
01/05/2002;10.39
02/05/2002;5.07
03/05/2002;5.33
04/05/2002;7.59
05/05/2002;8.22
06/05/2002;7.3
07/05/2002;7.15
08/05/2002;8.52
09/05/2002;9.17
10/05/2002;9.16
11/05/2002;8.69
12/05/2002;11.34
13/05/2002;13.36
14/05/2002;14.67
15/05/2002;17.1
16/05/2002;20.89
17/05/2002;14.3
18/05/2002;12.54
19/05/2002;14.22
20/05/2002;17.33
21/05/2002;15.72
22/05/2002;11.08
23/05/2002;10.46
24/05/2002;13.98
25/05/2002;13.1
26/05/2002;9.86
27/05/2002;9.41
28/05/2002;13.39
29/05/2002;14.18
30/05/2002;18.44
31/05/2002;20.42
01/06/2002;20.65
02/06/2002;21.61
03/06/2002;19.34
04/06/2002;15.85
05/06/2002;9.38
06/06/2002;7.57
07/06/2002;9.7
08/06/2002;8.96
09/06/2002;11.39
10/06/2002;15.41
11/06/2002;17.74
12/06/2002;22.49
13/06/2002;22.86
14/06/2002;23.03
15/06/2002;23.78
16/06/2002;25.08
17/06/2002;26.65
18/06/2002;21.53
19/06/2002;20.53
20/06/2002;21
21/06/2002;23.13
22/06/2002;24.72
23/06/2002;19.89
24/06/2002;14.39
25/06/2002;19.13
26/06/2002;24.67
27/06/2002;21.19
28/06/2002;15.78
29/06/2002;12.46
30/06/2002;12.81
01/07/2002;16.3
02/07/2002;18.2
03/07/2002;18.52
04/07/2002;17.14
05/07/2002;18.31
06/07/2002;17.35
07/07/2002;21.31
08/07/2002;20.56
09/07/2002;16.62
10/07/2002;16.93
11/07/2002;17.56
12/07/2002;18.28
13/07/2002;15.72
14/07/2002;13.52
15/07/2002;14.46
16/07/2002;17
17/07/2002;18.79
18/07/2002;20.37
19/07/2002;23.86
20/07/2002;21.38
21/07/2002;22.54
22/07/2002;20.81
23/07/2002;16.9
24/07/2002;18.75
25/07/2002;20.29
26/07/2002;21.92
27/07/2002;25.54
28/07/2002;24.82
29/07/2002;23.12
30/07/2002;18.51
31/07/2002;15.16
01/08/2002;15.32
02/08/2002;16.84
03/08/2002;18.77
04/08/2002;19.88
05/08/2002;19.08
06/08/2002;17.58
07/08/2002;16.51
08/08/2002;16.09
09/08/2002;15.23
10/08/2002;13.91
11/08/2002;14.79
12/08/2002;17.17
13/08/2002;19.47
14/08/2002;23.13
15/08/2002;22.03
16/08/2002;20.78
17/08/2002;21.31
18/08/2002;22.44
19/08/2002;22.56
20/08/2002;20.36
21/08/2002;20.43
22/08/2002;18.91
23/08/2002;18.16
24/08/2002;15.38
25/08/2002;14.09
26/08/2002;15.13
27/08/2002;14.69
28/08/2002;15.07
29/08/2002;15.5
30/08/2002;17.52
31/08/2002;17.57
01/09/2002;17.04
02/09/2002;18.76
03/09/2002;18.46
04/09/2002;15.05
05/09/2002;13.66
06/09/2002;14.19
07/09/2002;16.07
08/09/2002;13.95
09/09/2002;13.08
10/09/2002;14.4
11/09/2002;15.56
12/09/2002;16.27
13/09/2002;15.9
14/09/2002;19.04
15/09/2002;19.64
16/09/2002;19.19
17/09/2002;18.33
18/09/2002;17.51
19/09/2002;16.77
20/09/2002;15.64
21/09/2002;15.23
22/09/2002;15.66
23/09/2002;11.63
24/09/2002;9.25
25/09/2002;9.26
26/09/2002;10.71
27/09/2002;10.96
28/09/2002;11.69
29/09/2002;15.13
30/09/2002;16.81
01/10/2002;14.14
02/10/2002;14.62
03/10/2002;14.82
04/10/2002;14.08
05/10/2002;12.32
06/10/2002;11.89
07/10/2002;10.6
08/10/2002;13.39
09/10/2002;9.17
10/10/2002;7.59
11/10/2002;8.35
12/10/2002;12.11
13/10/2002;12.55
14/10/2002;14.57
15/10/2002;12.46
16/10/2002;11.2
17/10/2002;8.15
18/10/2002;6.91
19/10/2002;11.42
20/10/2002;15.14
21/10/2002;12.61
22/10/2002;11.45
23/10/2002;10.67
24/10/2002;10.06
25/10/2002;13.83
26/10/2002;12.47
27/10/2002;10.91
28/10/2002;11.56
29/10/2002;13.79
30/10/2002;10.71
31/10/2002;8.47
01/11/2002;9.83
02/11/2002;13.44
03/11/2002;13.19
04/11/2002;8.52
05/11/2002;8.77
06/11/2002;10.64
07/11/2002;6.36
08/11/2002;5.68
09/11/2002;9.85
10/11/2002;9.39
11/11/2002;8.81
12/11/2002;8.77
13/11/2002;8.04
14/11/2002;5.63
15/11/2002;5.35
16/11/2002;5.4
17/11/2002;5.89
18/11/2002;7.01
19/11/2002;8.01
20/11/2002;4.6
21/11/2002;6.6
22/11/2002;6.42
23/11/2002;5.68
24/11/2002;4.89
25/11/2002;5.91
26/11/2002;5.61
27/11/2002;9.69
28/11/2002;7.83
29/11/2002;5.91
30/11/2002;5.75
01/12/2002;8.15
02/12/2002;4.92
03/12/2002;5.49
04/12/2002;4.21
05/12/2002;3.35
06/12/2002;3.95
07/12/2002;3.5
08/12/2002;2.6
09/12/2002;3.63
10/12/2002;4.59
11/12/2002;4.97
12/12/2002;4.09
13/12/2002;3.99
14/12/2002;7.75
15/12/2002;3.77
16/12/2002;4.27
17/12/2002;9.98
18/12/2002;11.45
19/12/2002;9.87
20/12/2002;8.84
21/12/2002;6.69
22/12/2002;8.25
23/12/2002;8.15
24/12/2002;7.9
25/12/2002;9.93
26/12/2002;11.33
27/12/2002;7.96
28/12/2002;4.8
29/12/2002;5.64
30/12/2002;5.74
31/12/2002;5
01/01/2003;9.52
02/01/2003;10.78
03/01/2003;8.12
04/01/2003;6.35
05/01/2003;4.09
06/01/2003;2.01
07/01/2003;2.48
08/01/2003;3.53
09/01/2003;0.13
10/01/2003;-0.84
11/01/2003;-1.76
12/01/2003;-1.9
13/01/2003;-1.13
14/01/2003;-2.08
15/01/2003;-1.42
16/01/2003;0.05
17/01/2003;1.82
18/01/2003;4.79
19/01/2003;5.2
20/01/2003;6.01
21/01/2003;5.38
22/01/2003;4.15
23/01/2003;2.08
24/01/2003;2.08
25/01/2003;2.23
26/01/2003;5.31
27/01/2003;9.5
28/01/2003;5.73
29/01/2003;-0.67
30/01/2003;1.19
31/01/2003;-3.57
01/02/2003;-0.75
02/02/2003;0.81
03/02/2003;3.72
04/02/2003;5.87
05/02/2003;2.69
06/02/2003;4.61
07/02/2003;3.41
08/02/2003;1.84
09/02/2003;-0.7
10/02/2003;2.63
11/02/2003;4.64
12/02/2003;4.8
13/02/2003;2.88
14/02/2003;1.4
15/02/2003;-0.69
16/02/2003;-2.07
17/02/2003;-2.32
18/02/2003;-3.08
19/02/2003;0.09
20/02/2003;-0.03
21/02/2003;2.75
22/02/2003;5.31
23/02/2003;7.22
24/02/2003;7.38
25/02/2003;7.22
26/02/2003;6
27/02/2003;5.44
28/02/2003;7.23
01/03/2003;8.5
02/03/2003;7.53
03/03/2003;10.83
04/03/2003;7.99
05/03/2003;7.36
06/03/2003;6.06
07/03/2003;5.69
08/03/2003;6.26
09/03/2003;6.85
10/03/2003;8.58
11/03/2003;11
12/03/2003;10.63
13/03/2003;11.42
14/03/2003;12.03
15/03/2003;10.15
16/03/2003;9.39
17/03/2003;7.13
18/03/2003;6.45
19/03/2003;6.2
20/03/2003;5.72
21/03/2003;7.12
22/03/2003;8.07
23/03/2003;9.57
24/03/2003;10.81
25/03/2003;8.98
26/03/2003;12.2
27/03/2003;10.18
28/03/2003;8.52
29/03/2003;10.06
30/03/2003;10.38
31/03/2003;10.46
01/04/2003;9.51
02/04/2003;6.84
03/04/2003;4.6
04/04/2003;4.61
05/04/2003;7.44
06/04/2003;8.39
07/04/2003;8.7
08/04/2003;8.95
09/04/2003;7.47
10/04/2003;6.26
11/04/2003;7.14
12/04/2003;7.76
13/04/2003;12.81
14/04/2003;10.21
15/04/2003;9.48
16/04/2003;10
17/04/2003;11.49
18/04/2003;13.24
19/04/2003;9.74
20/04/2003;7.14
21/04/2003;10.45
22/04/2003;11.34
23/04/2003;10.53
24/04/2003;10.72
25/04/2003;12.14
26/04/2003;11.22
27/04/2003;12.15
28/04/2003;15.07
29/04/2003;12.14
30/04/2003;9.33
01/05/2003;10.37
02/05/2003;10.96
03/05/2003;12.85
04/05/2003;16.21
05/05/2003;9.9
06/05/2003;5.73
07/05/2003;8.06
08/05/2003;10.78
09/05/2003;12.48
10/05/2003;13.16
11/05/2003;13.83
12/05/2003;13.85
13/05/2003;11.75
14/05/2003;10.57
15/05/2003;12.53
16/05/2003;13.35
17/05/2003;13.34
18/05/2003;15.14
19/05/2003;13.7
30/05/2003;23.94
31/05/2003;18.8
01/06/2003;16.31
02/06/2003;16.57
03/06/2003;17.89
04/06/2003;16.37
05/06/2003;16.01
06/06/2003;17.64
07/06/2003;21.23
08/06/2003;19.39
09/06/2003;20.56
10/06/2003;18.58
11/06/2003;21.92
12/06/2003;22.09
13/06/2003;24.16
14/06/2003;23.06
15/06/2003;20.79
16/06/2003;21.27
17/06/2003;17.93
18/06/2003;17.59
19/06/2003;20.92
20/06/2003;23.43
21/06/2003;24.61
22/06/2003;25.13
23/06/2003;24.11
24/06/2003;22.24
25/06/2003;20.08
26/06/2003;21.27
27/06/2003;18.07
28/06/2003;21.08
29/06/2003;21.56
30/06/2003;16.2
01/07/2003;15.53
02/07/2003;15.94
03/07/2003;15.7
04/07/2003;16.92
05/07/2003;19.24
06/07/2003;20.71
07/07/2003;21.81
08/07/2003;23.69
09/07/2003;23.51
10/07/2003;24.13
11/07/2003;26.11
12/07/2003;24.22
13/07/2003;24.63
14/07/2003;20.82
15/07/2003;17.81
16/07/2003;14.67
17/07/2003;17.6
18/07/2003;20.01
19/07/2003;19.48
20/07/2003;20.55
21/07/2003;20.16
22/07/2003;21.06
23/07/2003;20.42
24/07/2003;20.4
25/07/2003;21.5
26/07/2003;21.49
27/07/2003;18.97
28/07/2003;19.39
29/07/2003;21.03
30/07/2003;21.86
31/07/2003;22.69
01/08/2003;23.66
02/08/2003;24.53
03/08/2003;27.19
04/08/2003;27.52
05/08/2003;27.54
06/08/2003;23.65
07/08/2003;24.53
08/08/2003;24.31
09/08/2003;25.63
10/08/2003;26.55
11/08/2003;25.95
12/08/2003;25.77
13/08/2003;25.64
14/08/2003;24.42
15/08/2003;21.74
16/08/2003;19.05
17/08/2003;19.43
18/08/2003;20.31
19/08/2003;22.59
20/08/2003;21.42
21/08/2003;21.23
22/08/2003;21.59
23/08/2003;21.83
24/08/2003;21.8
25/08/2003;21.42
26/08/2003;19.83
27/08/2003;18.96
28/08/2003;16.53
29/08/2003;16.2
30/08/2003;15.82
31/08/2003;16.82
01/09/2003;14.62
02/09/2003;15.77
03/09/2003;15.59
04/09/2003;16.83
05/09/2003;16.9
06/09/2003;16.98
07/09/2003;17.1
08/09/2003;15.85
09/09/2003;12.86
10/09/2003;14.12
11/09/2003;17.6
12/09/2003;17.8
13/09/2003;15.81
14/09/2003;18.25
15/09/2003;18.93
16/09/2003;18.2
17/09/2003;17.73
18/09/2003;18.54
19/09/2003;18.44
20/09/2003;19.39
21/09/2003;17.64
22/09/2003;16.65
23/09/2003;14.75
24/09/2003;15.06
25/09/2003;17.05
26/09/2003;17.27
27/09/2003;16.2
28/09/2003;15.09
29/09/2003;13.49
30/09/2003;13.71
01/10/2003;13.5
02/10/2003;13.19
03/10/2003;12.91
04/10/2003;10.96
05/10/2003;8.71
06/10/2003;7.92
07/10/2003;9.48
08/10/2003;12.68
09/10/2003;12.74
10/10/2003;11.32
11/10/2003;14.71
12/10/2003;14.12
13/10/2003;13.47
14/10/2003;13.5
15/10/2003;12.88
16/10/2003;13.62
17/10/2003;11.24
18/10/2003;13.21
19/10/2003;11.47
20/10/2003;10.73
21/10/2003;8.42
22/10/2003;5.82
23/10/2003;3.92
24/10/2003;3.76
25/10/2003;5.71
26/10/2003;8.38
27/10/2003;8.75
28/10/2003;8.76
29/10/2003;8.88
30/10/2003;8.74
31/10/2003;6.4
01/11/2003;6.06
02/11/2003;5.4
03/11/2003;8.37
04/11/2003;7.97
05/11/2003;9.83
06/11/2003;10.06
07/11/2003;9.05
08/11/2003;9.93
09/11/2003;9.86
10/11/2003;8.74
11/11/2003;7.82
12/11/2003;8.47
13/11/2003;7.87
14/11/2003;10.07
15/11/2003;8.92
16/11/2003;7.45
17/11/2003;4.61
18/11/2003;3.65
19/11/2003;6.8
20/11/2003;6.03
21/11/2003;7.12
22/11/2003;9.85
23/11/2003;6.64
24/11/2003;5.38
25/11/2003;2.59
26/11/2003;4.76
27/11/2003;4.02
28/11/2003;4.76
29/11/2003;8.8
30/11/2003;7.92
01/12/2003;2.47
02/12/2003;1.65
03/12/2003;1.74
04/12/2003;2.65
05/12/2003;5.88
06/12/2003;6.16
07/12/2003;6.82
08/12/2003;6.54
09/12/2003;5.55
10/12/2003;2.8
11/12/2003;3.53
12/12/2003;5.48
13/12/2003;3.84
14/12/2003;4.7
15/12/2003;4.29
16/12/2003;1.32
17/12/2003;5.01
18/12/2003;5.75
19/12/2003;5.85
20/12/2003;7.01
21/12/2003;5.97
22/12/2003;2.12
23/12/2003;1.45
24/12/2003;3.16
25/12/2003;0.76
26/12/2003;0.21
27/12/2003;5.57
28/12/2003;2.12
29/12/2003;1.48
30/12/2003;5.2
31/12/2003;3.18
01/01/2004;1.85
02/01/2004;3.14
03/01/2004;3.7
04/01/2004;4.08
05/01/2004;0.11
06/01/2004;-0.36
07/01/2004;0.71
08/01/2004;7.4
09/01/2004;9.82
10/01/2004;8.9
11/01/2004;10.17
12/01/2004;9.39
13/01/2004;8.67
14/01/2004;6.96
15/01/2004;2.02
16/01/2004;3.7
17/01/2004;5.78
18/01/2004;1.05
19/01/2004;0.67
20/01/2004;0.68
21/01/2004;2.63
22/01/2004;-0.34
23/01/2004;4.17
24/01/2004;7.83
25/01/2004;7.36
26/01/2004;9.34
27/01/2004;7.21
28/01/2004;1.08
29/01/2004;-0.38
30/01/2004;2.46
31/01/2004;6.95
01/02/2004;8.61
02/02/2004;7.29
03/02/2004;7.76
04/02/2004;7.41
05/02/2004;7.58
06/02/2004;7.85
07/02/2004;5.02
08/02/2004;3.37
09/02/2004;1.71
10/02/2004;2.65
11/02/2004;3.06
12/02/2004;3.96
13/02/2004;3.34
14/02/2004;3.68
15/02/2004;3.38
16/02/2004;4.26
17/02/2004;2.48
18/02/2004;2.52
19/02/2004;0.29
20/02/2004;-1.44
21/02/2004;2.62
22/02/2004;2.74
23/02/2004;2.68
24/02/2004;0.48
25/02/2004;1.84
26/02/2004;-0.02
27/02/2004;-0.43
28/02/2004;0.04
29/02/2004;-0.67
01/03/2004;-1.89
02/03/2004;-0.68
03/03/2004;1.86
04/03/2004;5.84
05/03/2004;7.93
06/03/2004;6.6
07/03/2004;2.17
08/03/2004;3.23
09/03/2004;5.92
10/03/2004;6.66
11/03/2004;6.36
12/03/2004;6.69
13/03/2004;5.31
14/03/2004;4.5
15/03/2004;7.33
16/03/2004;11.01
17/03/2004;10.6
18/03/2004;10.22
19/03/2004;8.09
20/03/2004;10
21/03/2004;7.24
22/03/2004;2.94
23/03/2004;2.96
24/03/2004;3.34
25/03/2004;1.74
26/03/2004;1.44
27/03/2004;1.81
28/03/2004;2.5
29/03/2004;6.24
30/03/2004;6.73
31/03/2004;6.59
01/04/2004;5.92
02/04/2004;5.01
03/04/2004;6.13
04/04/2004;7.63
05/04/2004;9.44
06/04/2004;9.25
07/04/2004;7.3
08/04/2004;4.71
09/04/2004;2.15
10/04/2004;2.39
11/04/2004;3.59
12/04/2004;5.15
13/04/2004;5.22
14/04/2004;6.72
15/04/2004;10.64
16/04/2004;9.3
17/04/2004;7.72
18/04/2004;6.7
19/04/2004;5.85
20/04/2004;9.27
21/04/2004;9.09
22/04/2004;7.71
23/04/2004;8.29
24/04/2004;10.51
25/04/2004;11.82
26/04/2004;12.91
27/04/2004;12.32
28/04/2004;8.71
29/04/2004;7.26
30/04/2004;5.7
01/05/2004;5.4
02/05/2004;8.34
03/05/2004;8.41
04/05/2004;9.19
05/05/2004;7.34
06/05/2004;6.8
07/05/2004;5.97
08/05/2004;5.65
09/05/2004;7.65
10/05/2004;8.14
11/05/2004;8.82
12/05/2004;9.82
13/05/2004;9.85
14/05/2004;9.8
15/05/2004;11.38
16/05/2004;14.16
17/05/2004;15.56
18/05/2004;16.68
19/05/2004;16.24
20/05/2004;16.65
21/05/2004;15.53
22/05/2004;12.59
23/05/2004;13.43
24/05/2004;13.51
25/05/2004;12.89
26/05/2004;13.24
27/05/2004;14.53
28/05/2004;15.41
29/05/2004;16.91
30/05/2004;15.97
31/05/2004;16.48
01/06/2004;18.24
02/06/2004;16.75
03/06/2004;15.04
04/06/2004;17.53
05/06/2004;17.84
06/06/2004;19.21
07/06/2004;20.25
08/06/2004;18.65
09/06/2004;20.83
10/06/2004;20.55
11/06/2004;21.51
12/06/2004;18.27
13/06/2004;16.77
14/06/2004;14.88
15/06/2004;18.23
16/06/2004;17.34
17/06/2004;17.75
18/06/2004;19.48
19/06/2004;14.72
08/07/2004;13.88
09/07/2004;14.59
10/07/2004;16.83
11/07/2004;15.18
12/07/2004;13.97
13/07/2004;15.37
14/07/2004;18.79
15/07/2004;21.02
16/07/2004;22.45
17/07/2004;22.91
18/07/2004;21.38
19/07/2004;19.65
20/07/2004;19.15
21/07/2004;22.63
22/07/2004;22.86
23/07/2004;21.92
24/07/2004;23.58
25/07/2004;21.15
26/07/2004;19.6
27/07/2004;19.66
28/07/2004;21.46
29/07/2004;19.92
30/07/2004;22.65
31/07/2004;27.09
01/08/2004;25.95
02/08/2004;22.98
03/08/2004;19.59
04/08/2004;17.58
05/08/2004;19.01
06/08/2004;21.85
07/08/2004;25.06
08/08/2004;21.72
09/08/2004;16.06
10/08/2004;16.51
11/08/2004;19.54
12/08/2004;17.57
13/08/2004;17.21
14/08/2004;21.17
15/08/2004;22.42
16/08/2004;19.91
17/08/2004;18.79
18/08/2004;18.16
19/08/2004;16.34
20/08/2004;14.88
21/08/2004;15.72
22/08/2004;19.47
23/08/2004;20.7
24/08/2004;17.79
25/08/2004;17.64
26/08/2004;16.47
27/08/2004;16.65
28/08/2004;17.72
29/08/2004;18.85
30/08/2004;18.99
31/08/2004;19.22
01/09/2004;19.27
02/09/2004;19.15
03/09/2004;18.41
04/09/2004;22.35
05/09/2004;22.31
06/09/2004;19.55
07/09/2004;21.49
08/09/2004;23.18
09/09/2004;21.99
10/09/2004;18.17
11/09/2004;17.02
12/09/2004;17.63
13/09/2004;15.21
14/09/2004;12.23
15/09/2004;12.44
16/09/2004;12.58
17/09/2004;13.82
18/09/2004;16.69
19/09/2004;15.02
20/09/2004;15.37
21/09/2004;15.32
22/09/2004;16.51
23/09/2004;14.66
24/09/2004;13.43
25/09/2004;11.85
26/09/2004;14.37
27/09/2004;15.49
28/09/2004;12.44
29/09/2004;13.69
30/09/2004;14.91
01/10/2004;14.75
02/10/2004;15.09
03/10/2004;14.94
04/10/2004;16.47
05/10/2004;15.72
06/10/2004;14.03
07/10/2004;16.05
08/10/2004;18.97
09/10/2004;13.08
10/10/2004;10.44
11/10/2004;11.19
12/10/2004;9.29
13/10/2004;12.25
14/10/2004;9.98
15/10/2004;10.46
16/10/2004;11.23
17/10/2004;10.84
18/10/2004;10.51
19/10/2004;16.01
20/10/2004;15.83
21/10/2004;12.12
22/10/2004;12.51
23/10/2004;13.94
24/10/2004;12.61
25/10/2004;9.62
26/10/2004;7.44
27/10/2004;8.61
28/10/2004;8.26
29/10/2004;7.02
30/10/2004;7.96
31/10/2004;8.08
01/11/2004;6.38
02/11/2004;7.07
03/11/2004;8.97
04/11/2004;9.67
05/11/2004;10
06/11/2004;8.5
07/11/2004;7.23
08/11/2004;7.38
09/11/2004;7.09
10/11/2004;4.97
11/11/2004;4.01
12/11/2004;4.5
13/11/2004;5.23
14/11/2004;2.96
15/11/2004;3.52
16/11/2004;5.27
17/11/2004;0.51
18/11/2004;-0.28
19/11/2004;3.72
20/11/2004;4.87
21/11/2004;2.46
22/11/2004;1.74
23/11/2004;0.82
24/11/2004;-0.39
25/11/2004;0.19
26/11/2004;1.58
27/11/2004;1.77
28/11/2004;3.38
29/11/2004;2.04
30/11/2004;1.02
01/12/2004;5.51
02/12/2004;3.35
03/12/2004;3.55
04/12/2004;4.21
05/12/2004;2.94
06/12/2004;-0.03
07/12/2004;1.35
08/12/2004;1.01
09/12/2004;0.47
10/12/2004;0.92
11/12/2004;4.24
12/12/2004;5.03
13/12/2004;4.73
14/12/2004;1.91
15/12/2004;2.54
16/12/2004;1.09
17/12/2004;2.56
18/12/2004;6.28
19/12/2004;6.04
20/12/2004;1.74
21/12/2004;0.2
22/12/2004;1.42
23/12/2004;3.22
24/12/2004;0.4
25/12/2004;0.76
26/12/2004;-2.34
27/12/2004;-5.41
28/12/2004;-4.22
29/12/2004;0.44
30/12/2004;2.29
31/12/2004;3.4
01/01/2005;1.17
02/01/2005;1.71
03/01/2005;1.93
04/01/2005;-0.18
05/01/2005;-0.3
06/01/2005;-0.17
07/01/2005;-1.31
08/01/2005;-1.56
09/01/2005;-3.97
10/01/2005;-3.7
11/01/2005;-2.35
12/01/2005;2.93
13/01/2005;5.18
14/01/2005;5.25
15/01/2005;3.6
16/01/2005;1.66
17/01/2005;-0.72
18/01/2005;0.96
19/01/2005;1.84
20/01/2005;5.7
21/01/2005;3.34
22/01/2005;2.54
23/01/2005;0.48
25/01/2005;-1.77
26/01/2005;-3.97
27/01/2005;-4.93
28/01/2005;-1.17
29/01/2005;1.04
30/01/2005;-0.52
31/01/2005;1.79
01/02/2005;2.88
02/02/2005;3.05
03/02/2005;2.54
04/02/2005;-0.43
05/02/2005;-0.67
06/02/2005;0.4
07/02/2005;2.62
08/02/2005;3.69
09/02/2005;0.88
10/02/2005;0.63
11/02/2005;2.86
12/02/2005;3.77
13/02/2005;2.46
14/02/2005;2.08
15/02/2005;1.04
16/02/2005;-0.05
17/02/2005;0.1
18/02/2005;0.43
19/02/2005;2.55
20/02/2005;1.13
21/02/2005;-1.95
22/02/2005;-0.76
23/02/2005;-0.75
24/02/2005;-1.35
25/02/2005;-1.72
26/02/2005;-0.36
27/02/2005;-2.22
28/02/2005;-5.33
01/03/2005;-3.64
02/03/2005;-1.04
03/03/2005;-0.6
04/03/2005;-2.42
05/03/2005;0.86
06/03/2005;0.9
07/03/2005;-1.33
08/03/2005;-1.08
09/03/2005;0.69
10/03/2005;0.63
11/03/2005;1.06
12/03/2005;2.51
13/03/2005;5.33
14/03/2005;8.22
15/03/2005;8.44
16/03/2005;11.17
17/03/2005;12.06
18/03/2005;13.93
19/03/2005;12.69
20/03/2005;14.45
21/03/2005;14.42
22/03/2005;10.74
23/03/2005;10.11
24/03/2005;10.21
25/03/2005;10.53
26/03/2005;8.91
27/03/2005;8.21
28/03/2005;8.52
29/03/2005;10.2
30/03/2005;8.56
31/03/2005;9.47
01/04/2005;13.7
02/04/2005;9.28
03/04/2005;9.45
04/04/2005;10
05/04/2005;11.01
06/04/2005;13.64
07/04/2005;12.1
08/04/2005;5.25
09/04/2005;2.09
10/04/2005;3.29
11/04/2005;5.75
12/04/2005;7.67
13/04/2005;6.67
14/04/2005;8.12
15/04/2005;4.17
16/04/2005;3.85
17/04/2005;7.81
18/04/2005;8.81
19/04/2005;7.37
20/04/2005;7.75
21/04/2005;10.74
22/04/2005;11.79
23/04/2005;10.24
24/04/2005;8.5
25/04/2005;8.23
26/04/2005;10.74
27/04/2005;16.82
28/04/2005;14.2
29/04/2005;16.57
30/04/2005;19.4
01/05/2005;16.24
02/05/2005;14.56
03/05/2005;12.04
04/05/2005;11.51
05/05/2005;8.98
06/05/2005;11.37
07/05/2005;12.85
08/05/2005;15.48
09/05/2005;15.55
10/05/2005;11.62
11/05/2005;11.03
12/05/2005;11.52
13/05/2005;12.32
14/05/2005;10.74
15/05/2005;10.58
16/05/2005;8.89
17/05/2005;8.87
18/05/2005;9.61
19/05/2005;14.82
20/05/2005;17.22
21/05/2005;13.75
22/05/2005;10.59
23/05/2005;11.84
24/05/2005;16.14
25/05/2005;21.72
26/05/2005;24.26
27/05/2005;21.19
28/05/2005;17.37
29/05/2005;16.11
30/05/2005;13.57
31/05/2005;13.72
01/06/2005;15.73
02/06/2005;19
03/06/2005;18.97
04/06/2005;15.64
05/06/2005;17.56
06/06/2005;17.22
07/06/2005;18.04
08/06/2005;17.7
09/06/2005;18.05
10/06/2005;17.96
11/06/2005;20.99
12/06/2005;21.24
13/06/2005;16.69
14/06/2005;16.67
15/06/2005;18.44
16/06/2005;19.13
17/06/2005;22.88
18/06/2005;26.55
19/06/2005;24.63
20/06/2005;22.94
21/06/2005;25.14
22/06/2005;24.17
23/06/2005;20.36
24/06/2005;22.74
25/06/2005;21.93
26/06/2005;21.94
27/06/2005;23.17
28/06/2005;19.99
29/06/2005;17.39
30/06/2005;17.57
01/07/2005;18.56
02/07/2005;22.56
03/07/2005;24.49
04/07/2005;16.87
05/07/2005;17.46
06/07/2005;18.19
07/07/2005;15.98
08/07/2005;16.36
09/07/2005;17.23
10/07/2005;17.65
11/07/2005;19.56
12/07/2005;21
13/07/2005;21.74
14/07/2005;26.17
15/07/2005;24.64
16/07/2005;22.25
17/07/2005;19.85
18/07/2005;17.77
19/07/2005;19.76
20/07/2005;22.44
21/07/2005;22.97
22/07/2005;21.23
23/07/2005;20.93
24/07/2005;21.47
25/07/2005;20.96
26/07/2005;21.74
27/07/2005;22.04
28/07/2005;21.4
29/07/2005;17.93
30/07/2005;16.48
31/07/2005;17.44
01/08/2005;15.8
02/08/2005;15.39
03/08/2005;16.47
04/08/2005;19.24
05/08/2005;19.91
06/08/2005;20.36
07/08/2005;21.56
08/08/2005;22.88
09/08/2005;22.45
10/08/2005;17.02
11/08/2005;18.82
12/08/2005;19.35
13/08/2005;21.33
14/08/2005;20.77
15/08/2005;21.29
16/08/2005;20.88
17/08/2005;20.55
18/08/2005;20.27
19/08/2005;17.86
20/08/2005;14.58
21/08/2005;13.59
22/08/2005;15.34
23/08/2005;16.54
24/08/2005;17.67
25/08/2005;19.02
26/08/2005;20.12
27/08/2005;20.52
28/08/2005;20.28
29/08/2005;21.61
30/08/2005;24.74
31/08/2005;23.27
01/09/2005;19.41
02/09/2005;21.74
03/09/2005;23.57
04/09/2005;20.88
05/09/2005;16.63
06/09/2005;12.25
07/09/2005;14.42
08/09/2005;14.92
09/09/2005;16.53
10/09/2005;13.03
11/09/2005;13.12
12/09/2005;13.29
13/09/2005;15.59
14/09/2005;16.52
15/09/2005;17.19
16/09/2005;17.04
17/09/2005;12.2
18/09/2005;10.2
19/09/2005;10
20/09/2005;11.7
21/09/2005;12.04
22/09/2005;13.94
23/09/2005;16.32
24/09/2005;18.33
25/09/2005;14.14
26/09/2005;12.65
27/09/2005;13.71
28/09/2005;15.24
29/09/2005;13.65
30/09/2005;14.53
01/10/2005;13.98
02/10/2005;10.44
03/10/2005;10.06
04/10/2005;8.63
05/10/2005;8.96
06/10/2005;10.53
07/10/2005;12.87
08/10/2005;12.61
09/10/2005;15.83
10/10/2005;15.99
11/10/2005;16.51
12/10/2005;14.18
13/10/2005;9.42
14/10/2005;10.37
15/10/2005;9.8
16/10/2005;11.93
17/10/2005;12.03
18/10/2005;12.19
19/10/2005;10.95
20/10/2005;10.68
21/10/2005;11.49
22/10/2005;12.88
23/10/2005;10.51
24/10/2005;9.99
27/10/2005;13.02
28/10/2005;11.94
29/10/2005;12.89
30/10/2005;14.41
31/10/2005;10.59
01/11/2005;11.64
02/11/2005;12.83
03/11/2005;11.37
04/11/2005;6.82
05/11/2005;4.46
06/11/2005;4.46
07/11/2005;5.24
08/11/2005;6.97
09/11/2005;5.54
10/11/2005;6.15
11/11/2005;6.07
12/11/2005;5.54
13/11/2005;3
14/11/2005;7.43
15/11/2005;7.17
16/11/2005;6.7
17/11/2005;6.16
18/11/2005;5.42
19/11/2005;8.29
20/11/2005;9.56
21/11/2005;9.11
22/11/2005;6.23
23/11/2005;3.25
24/11/2005;2.97
25/11/2005;1.94
26/11/2005;0.35
27/11/2005;0.43
28/11/2005;1.94
29/11/2005;1.89
30/11/2005;2.89
01/12/2005;4.69
02/12/2005;6.35
03/12/2005;5.25
04/12/2005;7.86
05/12/2005;5.05
06/12/2005;3.1
07/12/2005;2.79
08/12/2005;4.01
09/12/2005;4.32
10/12/2005;2.17
11/12/2005;0.85
12/12/2005;3.12
13/12/2005;4.08
14/12/2005;1.88
15/12/2005;2.2
16/12/2005;2.79
17/12/2005;4.68
18/12/2005;2.85
19/12/2005;-0.93
20/12/2005;-0.16
21/12/2005;-0.76
22/12/2005;-1.05
23/12/2005;-2.23
24/12/2005;-2.39
25/12/2005;-0.11
26/12/2005;0.68
27/12/2005;1.89
28/12/2005;-1.68
29/12/2005;1.99
30/12/2005;8.28
31/12/2005;6.28
01/01/2006;3.4
02/01/2006;2.85
03/01/2006;3.26
04/01/2006;4.67
05/01/2006;2.36
06/01/2006;3.8
07/01/2006;4.24
08/01/2006;4.91
09/01/2006;2.29
10/01/2006;1.9
11/01/2006;0.96
12/01/2006;0.7
13/01/2006;-0.15
14/01/2006;1.55
15/01/2006;2.78
16/01/2006;2.9
17/01/2006;2.85
18/01/2006;5.93
19/01/2006;6.28
20/01/2006;4.3
21/01/2006;3.3
22/01/2006;1.81
23/01/2006;0.46
24/01/2006;0.47
25/01/2006;2.22
26/01/2006;-0.72
27/01/2006;-2.02
28/01/2006;-3.33
29/01/2006;-2.64
30/01/2006;-1.72
31/01/2006;0.42
01/02/2006;0.19
02/02/2006;0.6
03/02/2006;1.44
04/02/2006;1.64
05/02/2006;1.23
06/02/2006;3
07/02/2006;-0.12
08/02/2006;0.4
09/02/2006;0.35
10/02/2006;-0.6
11/02/2006;1.59
12/02/2006;2.03
13/02/2006;2.55
14/02/2006;2.67
15/02/2006;4.56
16/02/2006;8.12
17/02/2006;5.95
18/02/2006;6.02
19/02/2006;3.4
20/02/2006;2.32
21/02/2006;0.78
22/02/2006;0.04
23/02/2006;-0.03
24/02/2006;1.27
25/02/2006;0.5
26/02/2006;0.73
27/02/2006;0.4
28/02/2006;-2.33
01/03/2006;-0.6
02/03/2006;0.95
03/03/2006;4.51
04/03/2006;6.72
05/03/2006;0.31
06/03/2006;1.64
07/03/2006;2.78
08/03/2006;5.3
09/03/2006;6.7
10/03/2006;4.69
11/03/2006;7.92
12/03/2006;7.01
13/03/2006;6.86
14/03/2006;8.36
15/03/2006;8.82
16/03/2006;8.85
17/03/2006;9.7
18/03/2006;10.25
19/03/2006;8.3
20/03/2006;7.91
21/03/2006;8.05
22/03/2006;6.78
23/03/2006;8.42
24/03/2006;10.31
25/03/2006;10.55
26/03/2006;12.2
27/03/2006;11.36
28/03/2006;7.44
29/03/2006;9.17
30/03/2006;13.72
31/03/2006;11.96
01/04/2006;11.86
02/04/2006;8.81
03/04/2006;10.34
04/04/2006;14.79
05/04/2006;9.72
06/04/2006;9.95
07/04/2006;10.21
08/04/2006;11.65
09/04/2006;10.63
10/04/2006;5.54
11/04/2006;5.32
12/04/2006;6.89
13/04/2006;9.54
14/04/2006;13.16
15/04/2006;11.12
16/04/2006;10.31
17/04/2006;7.63
18/04/2006;7.38
19/04/2006;8.1
20/04/2006;9.91
21/04/2006;8.73
22/04/2006;10.85
23/04/2006;11.89
24/04/2006;14.36
25/04/2006;13.11
26/04/2006;13.53
27/04/2006;10.68
28/04/2006;10.01
29/04/2006;8.87
30/04/2006;9.02
01/05/2006;10.78
02/05/2006;14.78
03/05/2006;15.44
04/05/2006;13.11
05/05/2006;13.16
06/05/2006;14
07/05/2006;12.22
08/05/2006;8.68
09/05/2006;11.15
10/05/2006;13.37
11/05/2006;14.63
12/05/2006;16.14
13/05/2006;14.78
14/05/2006;16.75
15/05/2006;16.92
16/05/2006;18.67
17/05/2006;20.53
18/05/2006;17.43
19/05/2006;13.59
20/05/2006;14.17
21/05/2006;16.59
22/05/2006;10.95
23/05/2006;9.47
24/05/2006;10.77
25/05/2006;15
26/05/2006;17.91
27/05/2006;19.96
28/05/2006;20.46
29/05/2006;16.81
30/05/2006;12.04
31/05/2006;10.2
01/06/2006;12.22
02/06/2006;12.77
03/06/2006;13.95
04/06/2006;16.08
05/06/2006;17.13
06/06/2006;18.97
07/06/2006;21.79
08/06/2006;22.48
09/06/2006;21.72
10/06/2006;18.31
11/06/2006;21.16
12/06/2006;23.04
13/06/2006;21.13
14/06/2006;22.93
15/06/2006;19.7
16/06/2006;15.95
17/06/2006;15.82
18/06/2006;18.08
19/06/2006;19.73
20/06/2006;18.14
21/06/2006;20.07
22/06/2006;20.37
23/06/2006;22.06
24/06/2006;19.34
25/06/2006;17.52
26/06/2006;18.08
27/06/2006;18.38
28/06/2006;19.2
29/06/2006;20.1
30/06/2006;22.75
01/07/2006;24.08
02/07/2006;22.36
03/07/2006;19.69
04/07/2006;19.09
05/07/2006;17.87
06/07/2006;17.71
07/07/2006;19.2
08/07/2006;21.71
09/07/2006;23.71
10/07/2006;26.27
11/07/2006;20.68
12/07/2006;21.44
13/07/2006;22.05
14/07/2006;22.54
15/07/2006;23.25
16/07/2006;23.78
17/07/2006;25.03
18/07/2006;23.86
19/07/2006;21.57
20/07/2006;23.16
21/07/2006;23.23
22/07/2006;22.16
23/07/2006;22.89
24/07/2006;25.05
25/07/2006;24.42
26/07/2006;24.46
27/07/2006;20.7
28/07/2006;19.4
29/07/2006;21.26
30/07/2006;22.4
31/07/2006;21.73
01/08/2006;20.51
02/08/2006;21.93
03/08/2006;19.56
04/08/2006;17.76
05/08/2006;18.69
06/08/2006;18.68
07/08/2006;18.21
08/08/2006;18.87
09/08/2006;19.08
10/08/2006;18.96
11/08/2006;17.8
12/08/2006;16.1
13/08/2006;15.25
14/08/2006;16.35
15/08/2006;16.82
16/08/2006;13.66
17/08/2006;13.68
18/08/2006;13.14
19/08/2006;14.56
20/08/2006;15.86
21/08/2006;18.25
22/08/2006;19.91
23/08/2006;20.43
24/08/2006;17.91
25/08/2006;17.75
26/08/2006;16.55
27/08/2006;17.54
28/08/2006;19.59
29/08/2006;19.21
30/08/2006;18.1
31/08/2006;18.62
01/09/2006;19.81
02/09/2006;19.53
03/09/2006;20.24
04/09/2006;21.72
05/09/2006;24.77
06/09/2006;24.31
07/09/2006;21.83
08/09/2006;20.98
09/09/2006;20.65
10/09/2006;21.85
11/09/2006;21.52
12/09/2006;18.09
13/09/2006;16.69
14/09/2006;12.23
15/09/2006;10.38
16/09/2006;10.49
17/09/2006;12.9
18/09/2006;15.14
19/09/2006;15.4
20/09/2006;19.67
21/09/2006;17.42
22/09/2006;14.19
23/09/2006;12.79
24/09/2006;11.58
25/09/2006;13.26
26/09/2006;13.42
27/09/2006;15.07
28/09/2006;15.71
29/09/2006;14.79
30/09/2006;15.19
01/10/2006;14.93
02/10/2006;16.95
03/10/2006;12.71
04/10/2006;10.32
05/10/2006;9.93
06/10/2006;12.98
07/10/2006;14.94
08/10/2006;15.46
09/10/2006;16.08
10/10/2006;15.84
11/10/2006;12.88
12/10/2006;9.03
13/10/2006;9.81
14/10/2006;11.7
15/10/2006;14.54
16/10/2006;16.05
17/10/2006;12.35
18/10/2006;13.11
19/10/2006;12.04
20/10/2006;13.06
21/10/2006;12.63
22/10/2006;12.96
23/10/2006;13.33
24/10/2006;12.31
25/10/2006;16.37
26/10/2006;14.27
27/10/2006;12.95
28/10/2006;15.87
29/10/2006;14.58
30/10/2006;12.81
31/10/2006;14.36
01/11/2006;12.02
02/11/2006;8.82
03/11/2006;9.34
04/11/2006;11.53
05/11/2006;12.22
06/11/2006;11.47
07/11/2006;10.16
08/11/2006;12.34
09/11/2006;11.59
10/11/2006;9.57
11/11/2006;8.08
12/11/2006;8.5
13/11/2006;4.25
14/11/2006;4.96
15/11/2006;8.54
16/11/2006;9.39
17/11/2006;6.5
18/11/2006;9.95
19/11/2006;10.64
20/11/2006;9.87
21/11/2006;10.88
22/11/2006;11.67
23/11/2006;10.76
24/11/2006;12.93
25/11/2006;8.15
26/11/2006;6.67
27/11/2006;8.16
28/11/2006;6.98
29/11/2006;3.69
30/11/2006;3.22
01/12/2006;5.11
02/12/2006;6.7
03/12/2006;7.21
04/12/2006;11.77
05/12/2006;9.19
06/12/2006;3.72
07/12/2006;7.16
08/12/2006;6.08
09/12/2006;2.27
10/12/2006;1.1
11/12/2006;0.06
12/12/2006;2.21
13/12/2006;1.06
14/12/2006;-1.42
15/12/2006;-0.5
16/12/2006;-0.31
17/12/2006;0.39
18/12/2006;1.85
19/12/2006;1.52
20/12/2006;0.72
21/12/2006;-0.83
22/12/2006;1.99
23/12/2006;-0.9
24/12/2006;-2.21
25/12/2006;-1.98
26/12/2006;-0.87
27/12/2006;0.02
28/12/2006;0.39
29/12/2006;3.32
30/12/2006;8.66
31/12/2006;9.38
01/01/2007;7.82
02/01/2007;1.06
03/01/2007;0.11
04/01/2007;2.71
05/01/2007;5.3
06/01/2007;5.76
07/01/2007;6.52
08/01/2007;7.1
09/01/2007;6.23
10/01/2007;0.99
11/01/2007;1.02
12/01/2007;1.86
13/01/2007;2.56
14/01/2007;2.35
15/01/2007;2.67
16/01/2007;4.91
17/01/2007;7.02
18/01/2007;8.42
19/01/2007;7.94
20/01/2007;3.81
21/01/2007;4.05
22/01/2007;1.09
23/01/2007;-0.75
24/01/2007;-2.72
25/01/2007;-1.67
26/01/2007;-3.33
27/01/2007;-2.59
28/01/2007;-4.92
29/01/2007;-0.91
30/01/2007;2.36
31/01/2007;1.91
01/02/2007;2.37
02/02/2007;0.02
03/02/2007;2.6
04/02/2007;5.09
05/02/2007;5.21
06/02/2007;5.31
07/02/2007;6.57
08/02/2007;6.75
09/02/2007;5.6
10/02/2007;8.65
11/02/2007;10.99
12/02/2007;8.57
13/02/2007;6.22
14/02/2007;8.25
15/02/2007;5.76
16/02/2007;9.87
17/02/2007;5.37
18/02/2007;4.92
19/02/2007;3.6
20/02/2007;4.92
21/02/2007;3.7
22/02/2007;7.09
23/02/2007;7.53
24/02/2007;8.33
25/02/2007;7.18
26/02/2007;4.02
27/02/2007;8.66
28/02/2007;9
01/03/2007;6.97
02/03/2007;9.53
03/03/2007;10.6
04/03/2007;9.65
05/03/2007;4.64
06/03/2007;6.12
07/03/2007;7.11
08/03/2007;3.86
09/03/2007;4.79
10/03/2007;6.29
11/03/2007;6.27
12/03/2007;5.37
13/03/2007;6.75
14/03/2007;6.49
15/03/2007;7.83
16/03/2007;6.56
17/03/2007;6.77
18/03/2007;7.63
19/03/2007;3.51
20/03/2007;0
21/03/2007;-0.88
22/03/2007;1.37
23/03/2007;4.86
24/03/2007;3.07
25/03/2007;4.15
26/03/2007;6.58
27/03/2007;5.02
28/03/2007;4.55
29/03/2007;5.73
30/03/2007;4.94
31/03/2007;4.12
01/04/2007;3.8
02/04/2007;6.19
03/04/2007;5.63
04/04/2007;4.93
05/04/2007;4.8
06/04/2007;8.03
07/04/2007;6.12
08/04/2007;6.31
09/04/2007;8.83
10/04/2007;11.1
11/04/2007;11.72
12/04/2007;9.69
13/04/2007;10.3
14/04/2007;9.72
15/04/2007;10.69
16/04/2007;12.65
17/04/2007;13
18/04/2007;12.84
19/04/2007;13.08
20/04/2007;13.13
21/04/2007;13.16
22/04/2007;14.08
23/04/2007;14.51
24/04/2007;16.7
25/04/2007;11.34
26/04/2007;9.68
27/04/2007;10.37
28/04/2007;10.6
29/04/2007;10.95
30/04/2007;9.11
01/05/2007;6.45
02/05/2007;8.86
03/05/2007;10.68
04/05/2007;10.65
05/05/2007;7.87
06/05/2007;10.29
07/05/2007;11.75
08/05/2007;13.87
09/05/2007;15.17
10/05/2007;15.62
11/05/2007;13.23
12/05/2007;14.85
13/05/2007;13.12
14/05/2007;9.63
15/05/2007;9.94
16/05/2007;11.61
17/05/2007;15.23
18/05/2007;18.55
19/05/2007;16.69
20/05/2007;14.2
21/05/2007;12.83
22/05/2007;15.96
23/05/2007;13.24
24/05/2007;13.3
25/05/2007;12.08
26/05/2007;12.1
27/05/2007;10.36
28/05/2007;8.38
29/05/2007;11.72
30/05/2007;13.78
31/05/2007;11.5
01/06/2007;11.09
02/06/2007;14.63
03/06/2007;14.17
04/06/2007;13.87
05/06/2007;14.08
06/06/2007;15.37
07/06/2007;17.7
08/06/2007;18.96
09/06/2007;20.05
10/06/2007;16.97
11/06/2007;16.43
12/06/2007;18.29
13/06/2007;16.87
14/06/2007;14.55
15/06/2007;13.69
16/06/2007;13.5
17/06/2007;15.01
18/06/2007;16.56
19/06/2007;14.98
20/06/2007;14.46
21/06/2007;12.27
22/06/2007;13.26
23/06/2007;16.4
24/06/2007;18.53
25/06/2007;15.16
26/06/2007;13.39
27/06/2007;14.64
28/06/2007;17.48
29/06/2007;17.89
30/06/2007;19.46
01/07/2007;17.87
02/07/2007;16.94
03/07/2007;18.93
04/07/2007;16.44
05/07/2007;16.46
06/07/2007;20.44
07/07/2007;22.21
08/07/2007;18.41
09/07/2007;14.94
10/07/2007;14.97
11/07/2007;16.82
12/07/2007;19.06
13/07/2007;22.74
14/07/2007;22.97
15/07/2007;22.31
16/07/2007;16.05
17/07/2007;17.93
18/07/2007;18.01
19/07/2007;17.09
20/07/2007;15.67
21/07/2007;16.13
22/07/2007;17.99
23/07/2007;18.35
24/07/2007;16.43
25/07/2007;18.52
26/07/2007;21.13
27/07/2007;21.3
28/07/2007;21.12
29/07/2007;21.41
30/07/2007;20.74
31/07/2007;24.78
01/08/2007;20.66
02/08/2007;19.33
03/08/2007;19.98
04/08/2007;23.03
05/08/2007;23.82
06/08/2007;17.2
07/08/2007;14.53
08/08/2007;14.45
09/08/2007;15.03
10/08/2007;15.39
11/08/2007;19.29
12/08/2007;19.66
13/08/2007;18.72
14/08/2007;20.92
15/08/2007;19.37
16/08/2007;15.19
17/08/2007;15.03
18/08/2007;17.18
19/08/2007;15.8
20/08/2007;15.5
21/08/2007;12.82
22/08/2007;12.66
23/08/2007;13.95
24/08/2007;16.16
25/08/2007;19.6
26/08/2007;23.53
27/08/2007;26.05
28/08/2007;23.49
29/08/2007;16.99
30/08/2007;14.14
31/08/2007;14.35
01/09/2007;16.27
02/09/2007;17.33
03/09/2007;16.53
04/09/2007;15.48
05/09/2007;15.76
06/09/2007;16.05
07/09/2007;17.07
08/09/2007;16.87
09/09/2007;17.36
10/09/2007;16.94
11/09/2007;16.02
12/09/2007;16.96
13/09/2007;18.65
14/09/2007;16.29
15/09/2007;16.97
16/09/2007;18.67
17/09/2007;14.55
18/09/2007;13.55
19/09/2007;12.84
20/09/2007;14.81
21/09/2007;18.23
22/09/2007;16.54
23/09/2007;15.34
24/09/2007;15.77
25/09/2007;12.57
26/09/2007;10.02
27/09/2007;7.06
28/09/2007;7.89
29/09/2007;13.5
30/09/2007;14.26
01/10/2007;15.1
02/10/2007;15.94
03/10/2007;13.58
04/10/2007;13.59
05/10/2007;13.31
06/10/2007;13.24
07/10/2007;12.43
08/10/2007;13.03
09/10/2007;12.36
10/10/2007;11.91
11/10/2007;10.82
12/10/2007;9.47
13/10/2007;7.98
14/10/2007;10.05
15/10/2007;10.93
16/10/2007;11.12
17/10/2007;11.44
18/10/2007;10.48
19/10/2007;8.34
20/10/2007;8.62
21/10/2007;7.28
22/10/2007;8.6
23/10/2007;8.6
24/10/2007;10.2
25/10/2007;8.37
26/10/2007;7.55
27/10/2007;5.91
28/10/2007;5.62
29/10/2007;6.62
30/10/2007;7.23
31/10/2007;7.11
01/11/2007;7.29
02/11/2007;8.59
03/11/2007;5.61
04/11/2007;6.74
05/11/2007;6.82
06/11/2007;5.56
07/11/2007;5.48
08/11/2007;4.92
09/11/2007;7.33
10/11/2007;5.99
11/11/2007;2.79
12/11/2007;4.81
13/11/2007;6.2
14/11/2007;4.36
15/11/2007;1.89
16/11/2007;-1.95
17/11/2007;-3.36
18/11/2007;0.67
19/11/2007;6.47
20/11/2007;8.59
21/11/2007;7
22/11/2007;4.99
23/11/2007;2.13
24/11/2007;3.18
25/11/2007;3.33
26/11/2007;5.41
27/11/2007;5.16
28/11/2007;4.27
29/11/2007;0.85
30/11/2007;0.71
01/12/2007;2.18
02/12/2007;4.11
03/12/2007;6.18
04/12/2007;5.5
05/12/2007;3.62
06/12/2007;5.53
07/12/2007;4.74
08/12/2007;5.77
09/12/2007;8.49
10/12/2007;2.39
11/12/2007;0.57
12/12/2007;-1.45
13/12/2007;-1.49
14/12/2007;-2.55
15/12/2007;-1.62
16/12/2007;-1.68
17/12/2007;-3.4
18/12/2007;1.41
19/12/2007;4.82
20/12/2007;5.26
21/12/2007;6.47
22/12/2007;5.82
23/12/2007;2.1
24/12/2007;-1.51
25/12/2007;0.2
26/12/2007;3.6
27/12/2007;-1.24
28/12/2007;-2.03
29/12/2007;-1
30/12/2007;2.14
31/12/2007;-2.18
01/01/2008;-1.6
02/01/2008;4.5
03/01/2008;4.32
04/01/2008;3.7
05/01/2008;7.01
06/01/2008;9.74
07/01/2008;8.73
08/01/2008;9.11
09/01/2008;8.07
10/01/2008;7.3
11/01/2008;4.62
12/01/2008;1.83
13/01/2008;2.96
14/01/2008;4.29
15/01/2008;6.17
16/01/2008;5.27
17/01/2008;5.51
18/01/2008;6.8
19/01/2008;5.25
20/01/2008;1.86
21/01/2008;2.93
22/01/2008;1.13
23/01/2008;3.97
24/01/2008;4.22
25/01/2008;5.64
26/01/2008;3.35
27/01/2008;2.79
28/01/2008;1.3
29/01/2008;0.82
30/01/2008;1.39
31/01/2008;1.08
01/02/2008;3.5
02/02/2008;2.71
03/02/2008;5.52
04/02/2008;4.6
05/02/2008;6.36
06/02/2008;5.96
07/02/2008;6.16
08/02/2008;5.49
09/02/2008;4.5
10/02/2008;3.64
11/02/2008;2.29
12/02/2008;5.06
13/02/2008;4.18
14/02/2008;5.71
15/02/2008;6.8
16/02/2008;5.75
17/02/2008;7.23
18/02/2008;7.99
19/02/2008;8.79
20/02/2008;8.33
21/02/2008;7.18
22/02/2008;7.87
23/02/2008;9.43
24/02/2008;9.45
25/02/2008;9.59
26/02/2008;7.33
27/02/2008;7.83
28/02/2008;8.39
29/02/2008;8.43
01/03/2008;6.99
02/03/2008;7.94
03/03/2008;7.29
04/03/2008;1.89
05/03/2008;1.31
06/03/2008;2.48
07/03/2008;2.83
08/03/2008;3.27
09/03/2008;5.13
10/03/2008;5.27
11/03/2008;9.6
12/03/2008;9.29
13/03/2008;7.89
14/03/2008;10.01
15/03/2008;10.73
16/03/2008;6.82
17/03/2008;8.36
18/03/2008;5.16
19/03/2008;3.44
20/03/2008;3.08
21/03/2008;4.76
22/03/2008;3.65
23/03/2008;1.09
24/03/2008;6.31
25/03/2008;5.01
26/03/2008;4.19
27/03/2008;7.91
28/03/2008;9.35
29/03/2008;10.18
30/03/2008;6.38
31/03/2008;5.51
01/04/2008;7.98
02/04/2008;11.55
03/04/2008;11.77
04/04/2008;10.99
05/04/2008;8.24
06/04/2008;8.57
07/04/2008;6.72
08/04/2008;9.63
09/04/2008;11.28
10/04/2008;8.47
11/04/2008;4.57
12/04/2008;4.75
13/04/2008;5.92
14/04/2008;4.77
15/04/2008;7.16
16/04/2008;11.02
17/04/2008;8.03
18/04/2008;7.58
19/04/2008;6.7
20/04/2008;6.6
21/04/2008;8.14
22/04/2008;7.84
23/04/2008;11.58
24/04/2008;11.38
25/04/2008;13
26/04/2008;14.18
27/04/2008;15.48
28/04/2008;11.4
29/04/2008;7.32
30/04/2008;7.17
01/05/2008;8.41
02/05/2008;11.44
03/05/2008;15.46
04/05/2008;15.45
05/05/2008;13.69
06/05/2008;15.65
07/05/2008;16.24
08/05/2008;13.28
09/05/2008;11.45
10/05/2008;9.61
11/05/2008;11.56
12/05/2008;12.04
13/05/2008;11.33
14/05/2008;11.47
15/05/2008;11.45
16/05/2008;11.35
17/05/2008;10.26
18/05/2008;8.77
19/05/2008;9.23
20/05/2008;10.12
21/05/2008;11.56
22/05/2008;13.45
23/05/2008;13.68
24/05/2008;10.1
25/05/2008;9.34
26/05/2008;9.87
27/05/2008;10.63
28/05/2008;11.68
29/05/2008;12.13
30/05/2008;12.7
31/05/2008;12.54
01/06/2008;11.05
02/06/2008;13.24
03/06/2008;13.61
04/06/2008;13.6
05/06/2008;11.88
06/06/2008;11.47
07/06/2008;10.97
08/06/2008;10.92
09/06/2008;11.5
10/06/2008;13.61
11/06/2008;15.21
12/06/2008;15.11
13/06/2008;14.12
14/06/2008;15.01
15/06/2008;15.16
16/06/2008;13.97
17/06/2008;13.49
18/06/2008;16.85
19/06/2008;18.66
20/06/2008;19.37
21/06/2008;20.76
22/06/2008;23.31
23/06/2008;19.81
24/06/2008;19.67
25/06/2008;19.75
26/06/2008;19.68
27/06/2008;18.39
28/06/2008;19.16
29/06/2008;20.82
30/06/2008;21.48
01/07/2008;22.22
02/07/2008;16.47
03/07/2008;17.04
04/07/2008;18.66
05/07/2008;19.6
06/07/2008;16.27
07/07/2008;14.31
08/07/2008;15.74
09/07/2008;18.96
10/07/2008;20
11/07/2008;18.47
12/07/2008;13.78
13/07/2008;13.7
14/07/2008;16.14
15/07/2008;17.92
16/07/2008;19.66
17/07/2008;18.23
18/07/2008;20.3
19/07/2008;23.75
20/07/2008;19.09
21/07/2008;16.73
22/07/2008;18.03
23/07/2008;22.36
24/07/2008;19.34
25/07/2008;18.64
26/07/2008;20.49
27/07/2008;20.19
28/07/2008;18.7
29/07/2008;18.12
30/07/2008;19.2
31/07/2008;19.96
01/08/2008;19.93
02/08/2008;20.04
03/08/2008;23.45
04/08/2008;24.42
05/08/2008;22.89
06/08/2008;23.85
07/08/2008;18.46
08/08/2008;17.12
09/08/2008;17.89
10/08/2008;20.59
11/08/2008;20.66
12/08/2008;18.88
13/08/2008;14.81
14/08/2008;14.9
15/08/2008;13.07
16/08/2008;16.28
17/08/2008;15.85
18/08/2008;18.49
19/08/2008;17.27
20/08/2008;16.43
21/08/2008;19.18
22/08/2008;16.66
23/08/2008;15.97
24/08/2008;17.61
25/08/2008;17.69
26/08/2008;19.46
27/08/2008;21.21
28/08/2008;20.13
29/08/2008;20.46
30/08/2008;19.8
31/08/2008;16.31
01/09/2008;17.38
02/09/2008;17.29
03/09/2008;16.77
04/09/2008;16.61
05/09/2008;16.02
06/09/2008;13.19
07/09/2008;12.78
08/09/2008;18.28
09/09/2008;17.4
10/09/2008;18.12
11/09/2008;14.94
12/09/2008;10.03
13/09/2008;10.2
14/09/2008;11.05
15/09/2008;12.61
16/09/2008;15.69
17/09/2008;17.4
18/09/2008;17.07
19/09/2008;15.57
20/09/2008;14.99
21/09/2008;15.62
22/09/2008;13.54
23/09/2008;12.47
24/09/2008;10.77
25/09/2008;10.8
26/09/2008;9.75
27/09/2008;11.22
28/09/2008;12.31
29/09/2008;12.65
30/09/2008;11.16
01/10/2008;11.11
02/10/2008;10.44
03/10/2008;6.88
04/10/2008;5.07
05/10/2008;8.39
06/10/2008;10.15
07/10/2008;9.79
08/10/2008;9.07
09/10/2008;9.07
10/10/2008;13.47
11/10/2008;15.23
12/10/2008;16.3
13/10/2008;14.91
14/10/2008;12.8
15/10/2008;12.44
16/10/2008;11.68
17/10/2008;13.4
18/10/2008;12.02
19/10/2008;10.68
20/10/2008;13.73
21/10/2008;11.38
22/10/2008;6.26
23/10/2008;6.14
24/10/2008;5.31
25/10/2008;8.63
26/10/2008;8.13
27/10/2008;7.91
28/10/2008;5.01
29/10/2008;1.97
30/10/2008;6.09
31/10/2008;5.31
01/11/2008;4.95
02/11/2008;4.41
03/11/2008;5
04/11/2008;5.24
05/11/2008;6.6
06/11/2008;4.88
07/11/2008;7.45
08/11/2008;6.3
09/11/2008;7.82
10/11/2008;8.96
11/11/2008;7.01
12/11/2008;4.51
13/11/2008;4.18
14/11/2008;4.77
15/11/2008;8.04
16/11/2008;7.7
17/11/2008;6.1
18/11/2008;4.12
19/11/2008;6.88
20/11/2008;5.99
21/11/2008;7.87
22/11/2008;8.05
23/11/2008;6.51
24/11/2008;3.43
25/11/2008;0.93
26/11/2008;0.76
27/11/2008;-1.86
28/11/2008;-0.72
29/11/2008;1.63
30/11/2008;0.91
01/12/2008;0.06
02/12/2008;0.54
03/12/2008;3.42
04/12/2008;5.14
05/12/2008;7.36
06/12/2008;6.02
07/12/2008;8.5
08/12/2008;8.08
09/12/2008;3.49
10/12/2008;1.06
11/12/2008;1.42
12/12/2008;2.52
13/12/2008;2.07
14/12/2008;0.5
15/12/2008;0
16/12/2008;4.05
17/12/2008;2.67
18/12/2008;4.05
19/12/2008;4.55
20/12/2008;0.43
21/12/2008;0.95
22/12/2008;0.26
23/12/2008;-0.66
24/12/2008;-0.75
25/12/2008;-0.24
26/12/2008;0.4
27/12/2008;1.53
28/12/2008;4.66
29/12/2008;5.21
30/12/2008;6.67
31/12/2008;6.52
01/01/2009;7.29
02/01/2009;4.86
03/01/2009;4.51
04/01/2009;0.04
05/01/2009;-2.05
06/01/2009;-1.09
07/01/2009;-2.61
08/01/2009;-2.61
09/01/2009;-3.53
10/01/2009;-4.06
11/01/2009;-10.15
12/01/2009;-10.07
13/01/2009;-1.2
14/01/2009;-1.71
15/01/2009;-1.24
16/01/2009;0.18
17/01/2009;1.03
18/01/2009;5.49
19/01/2009;7.51
20/01/2009;0.28
21/01/2009;0.03
22/01/2009;6.46
23/01/2009;10.78
24/01/2009;4.97
25/01/2009;2.95
26/01/2009;0.98
27/01/2009;4.26
28/01/2009;8
29/01/2009;9.53
30/01/2009;7.67
31/01/2009;4.8
01/02/2009;1.87
02/02/2009;3.08
03/02/2009;2.58
04/02/2009;4.39
05/02/2009;4.21
06/02/2009;0.35
07/02/2009;-0.87
08/02/2009;2.72
09/02/2009;7.8
10/02/2009;4.85
11/02/2009;2.48
12/02/2009;3.02
13/02/2009;3.13
14/02/2009;2.09
15/02/2009;1.34
16/02/2009;2.16
17/02/2009;3.73
18/02/2009;3.63
19/02/2009;2.2
20/02/2009;2.58
21/02/2009;3.08
22/02/2009;4.43
23/02/2009;4.4
24/02/2009;4.54
25/02/2009;4.92
26/02/2009;5.82
27/02/2009;6.42
28/02/2009;6.2
01/03/2009;4.57
02/03/2009;4.52
03/03/2009;4.66
04/03/2009;3.34
05/03/2009;1.41
06/03/2009;3.5
07/03/2009;6.69
08/03/2009;5.48
09/03/2009;5.92
10/03/2009;5.85
11/03/2009;6.4
12/03/2009;8.13
13/03/2009;9.89
14/03/2009;9.4
15/03/2009;9.5
16/03/2009;9.29
17/03/2009;11.73
18/03/2009;9.59
19/03/2009;10.04
20/03/2009;9.66
21/03/2009;7.8
22/03/2009;8.11
23/03/2009;6.95
24/03/2009;5.97
25/03/2009;5.63
26/03/2009;7.69
27/03/2009;9.89
28/03/2009;3.34
29/03/2009;3.32
30/03/2009;3.7
31/03/2009;3.48
01/04/2009;5.42
02/04/2009;6.26
03/04/2009;7.58
04/04/2009;10.08
05/04/2009;10.24
06/04/2009;10.08
07/04/2009;6.55
08/04/2009;6.64
09/04/2009;11.86
10/04/2009;4.27
11/04/2009;3.58
12/04/2009;3.84
13/04/2009;6.96
14/04/2009;7.44
15/04/2009;5.66
16/04/2009;5.86
17/04/2009;5.84
18/04/2009;7.99
19/04/2009;8.97
20/04/2009;7.57
21/04/2009;9.33
22/04/2009;10.26
23/04/2009;10.91
24/04/2009;13.21
25/04/2009;7.41
26/04/2009;6.4
27/04/2009;7.34
28/04/2009;9.89
29/04/2009;10.02
30/04/2009;9.48
01/05/2009;7.42
02/05/2009;10.76
03/05/2009;11.49
04/05/2009;10.47
05/05/2009;12.11
06/05/2009;15.61
07/05/2009;17.09
08/05/2009;15.57
09/05/2009;15.99
10/05/2009;14.84
11/05/2009;13.08
12/05/2009;13.23
13/05/2009;12.9
14/05/2009;10.76
15/05/2009;9.86
16/05/2009;14.04
17/05/2009;12.36
18/05/2009;12.35
19/05/2009;13.37
20/05/2009;17.17
21/05/2009;18.38
22/05/2009;18.25
23/05/2009;14.08
24/05/2009;13.74
25/05/2009;12.22
26/05/2009;11.39
27/05/2009;11.18
28/05/2009;14.77
29/05/2009;17.77
30/05/2009;18.93
31/05/2009;17.38
01/06/2009;15.9
02/06/2009;16.45
03/06/2009;21.45
04/06/2009;18.44
05/06/2009;13.96
06/06/2009;12.41
07/06/2009;13.79
08/06/2009;11.95
09/06/2009;11.73
10/06/2009;15.88
11/06/2009;17.65
12/06/2009;21.13
13/06/2009;22.12
14/06/2009;20.53
15/06/2009;18.37
16/06/2009;16.97
17/06/2009;19.89
18/06/2009;21.81
19/06/2009;17.43
20/06/2009;13.78
21/06/2009;13.51
22/06/2009;16.33
23/06/2009;18.45
24/06/2009;18.49
25/06/2009;16.66
26/06/2009;16.15
27/06/2009;17.17
28/06/2009;17.03
29/06/2009;20.45
30/06/2009;22.23
01/07/2009;22.71
02/07/2009;21.76
03/07/2009;20.45
04/07/2009;19.73
05/07/2009;18.77
06/07/2009;17.65
07/07/2009;16.21
08/07/2009;16.79
09/07/2009;17.67
10/07/2009;18.94
11/07/2009;21.31
12/07/2009;22.09
13/07/2009;22.23
14/07/2009;18.65
15/07/2009;18.39
16/07/2009;20.7
17/07/2009;15.22
18/07/2009;16.02
19/07/2009;20.33
20/07/2009;22.33
21/07/2009;25.27
22/07/2009;22.8
23/07/2009;18.51
24/07/2009;17.11
25/07/2009;19.12
26/07/2009;22.29
27/07/2009;18.96
28/07/2009;24.4
29/07/2009;20.32
30/07/2009;19.47
31/07/2009;20.41
01/08/2009;15.42
02/08/2009;17.06
03/08/2009;18.46
04/08/2009;21.65
05/08/2009;23.38
06/08/2009;21.48
07/08/2009;17.83
08/08/2009;16.75
09/08/2009;16.84
10/08/2009;18.06
11/08/2009;21.02
12/08/2009;22.14
13/08/2009;21.53
14/08/2009;22.78
15/08/2009;24.61
16/08/2009;24.58
17/08/2009;24.13
18/08/2009;23.87
19/08/2009;23.9
20/08/2009;22.1
21/08/2009;20.33
22/08/2009;21.51
23/08/2009;23.69
24/08/2009;20.07
25/08/2009;18.09
26/08/2009;18.75
27/08/2009;20.79
28/08/2009;19.08
29/08/2009;17.33
30/08/2009;17.72
31/08/2009;23.35
01/09/2009;21.47
02/09/2009;17.97
03/09/2009;18.47
04/09/2009;16.57
05/09/2009;15.58
06/09/2009;19.3
07/09/2009;21.99
08/09/2009;23.25
09/09/2009;20.72
10/09/2009;19.15
11/09/2009;18.14
12/09/2009;17.3
13/09/2009;15.74
14/09/2009;13.37
15/09/2009;12.41
16/09/2009;9.38
17/09/2009;10.05
18/09/2009;12.14
19/09/2009;13.67
20/09/2009;13.52
21/09/2009;12.49
22/09/2009;13.87
23/09/2009;16.08
24/09/2009;15.74
25/09/2009;13.84
26/09/2009;14.31
27/09/2009;15.41
28/09/2009;14.01
29/09/2009;15.05
30/09/2009;16.06
01/10/2009;14.88
02/10/2009;13.09
03/10/2009;12.53
04/10/2009;15.25
05/10/2009;19.88
06/10/2009;18.75
07/10/2009;16.51
08/10/2009;14.81
09/10/2009;12.56
10/10/2009;15.21
11/10/2009;15.75
12/10/2009;14.01
13/10/2009;12.97
14/10/2009;11.25
15/10/2009;10.21
16/10/2009;7.04
17/10/2009;6.73
18/10/2009;5.83
19/10/2009;7.57
20/10/2009;9.94
21/10/2009;7.62
22/10/2009;9.9
23/10/2009;10.39
24/10/2009;14.68
25/10/2009;13.84
26/10/2009;12.16
27/10/2009;12.99
28/10/2009;12.59
29/10/2009;13.4
30/10/2009;12.62
31/10/2009;13.16
01/11/2009;13.71
02/11/2009;8.1
03/11/2009;9.35
04/11/2009;9.83
05/11/2009;6.76
06/11/2009;10.44
07/11/2009;7.48
08/11/2009;6.59
09/11/2009;6
10/11/2009;6.64
11/11/2009;9.29
12/11/2009;10.26
13/11/2009;12.42
14/11/2009;10.56
15/11/2009;12.39
16/11/2009;14.91
17/11/2009;10.4
18/11/2009;5.44
19/11/2009;7.53
20/11/2009;7.4
21/11/2009;10.18
22/11/2009;7.65
23/11/2009;6.64
24/11/2009;2.6
25/11/2009;5.1
26/11/2009;7.05
27/11/2009;4.48
28/11/2009;6.3
29/11/2009;3.66
30/11/2009;1.37
01/12/2009;2.29
02/12/2009;8.73
03/12/2009;4.7
04/12/2009;4.28
05/12/2009;7.72
06/12/2009;8.6
07/12/2009;8.99
08/12/2009;6.39
09/12/2009;5.54
10/12/2009;4.33
11/12/2009;3.52
12/12/2009;3.05
13/12/2009;0.79
14/12/2009;-1.39
15/12/2009;-1.88
16/12/2009;-3.15
17/12/2009;-2.77
18/12/2009;-5.24
19/12/2009;-8.45
20/12/2009;-10.66
21/12/2009;3.17
22/12/2009;5.76
23/12/2009;3.1
24/12/2009;7.8
25/12/2009;3.53
26/12/2009;2.21
27/12/2009;1.34
28/12/2009;9.28
29/12/2009;10.27
30/12/2009;6.78
31/12/2009;4.66
01/01/2010;2.22
02/01/2010;2.99
03/01/2010;5.67
04/01/2010;5.48
05/01/2010;3.32
06/01/2010;0.63
07/01/2010;-0.7
08/01/2010;-3.17
09/01/2010;-5.62
10/01/2010;-5.89
11/01/2010;-1.46
12/01/2010;3.18
13/01/2010;4.32
14/01/2010;2.85
15/01/2010;1.23
16/01/2010;7.32
17/01/2010;6.85
18/01/2010;8.7
19/01/2010;8.18
20/01/2010;4.87
21/01/2010;4.3
22/01/2010;5.82
23/01/2010;7.07
24/01/2010;4.95
25/01/2010;1.72
26/01/2010;0.74
27/01/2010;-1.28
28/01/2010;-0.21
29/01/2010;1.57
30/01/2010;3.25
31/01/2010;1.52
01/02/2010;-0.26
02/02/2010;0.48
03/02/2010;1.74
04/02/2010;5.68
05/02/2010;5.03
06/02/2010;6.28
07/02/2010;3.76
08/02/2010;5.06
09/02/2010;2.03
10/02/2010;0.41
11/02/2010;-2.58
12/02/2010;-2.49
13/02/2010;-1.87
14/02/2010;-2.23
15/02/2010;0.29
16/02/2010;3.15
17/02/2010;4.14
18/02/2010;2.93
19/02/2010;1.73
20/02/2010;0.9
21/02/2010;4.72
22/02/2010;7.15
23/02/2010;6.36
24/02/2010;6.95
25/02/2010;8.22
26/02/2010;5.67
27/02/2010;10.24
28/02/2010;6.16
01/03/2010;5.13
02/03/2010;7.36
03/03/2010;5.27
04/03/2010;5.97
05/03/2010;5.48
06/03/2010;5.12
07/03/2010;2.59
08/03/2010;-1.95
09/03/2010;0.46
10/03/2010;0.05
11/03/2010;-0.38
12/03/2010;1.04
13/03/2010;3.1
14/03/2010;2.82
15/03/2010;2.81
16/03/2010;6.12
17/03/2010;8.62
18/03/2010;12.06
19/03/2010;11.25
20/03/2010;11.43
21/03/2010;10.75
22/03/2010;9.79
23/03/2010;10.52
24/03/2010;10.44
25/03/2010;6.08
26/03/2010;5.55
27/03/2010;7.03
28/03/2010;8.27
29/03/2010;8.25
30/03/2010;6.91
31/03/2010;4.53
01/04/2010;4
02/04/2010;5.97
03/04/2010;6.56
04/04/2010;4.66
05/04/2010;8.47
06/04/2010;10.58
07/04/2010;7.18
08/04/2010;6.7
09/04/2010;8.67
10/04/2010;11.9
11/04/2010;10.02
12/04/2010;7.16
13/04/2010;7
14/04/2010;7.88
15/04/2010;10.55
16/04/2010;10.47
17/04/2010;10.65
18/04/2010;10.73
19/04/2010;11.29
20/04/2010;12.39
21/04/2010;13.38
22/04/2010;12.23
23/04/2010;12.36
24/04/2010;12.88
25/04/2010;14.24
26/04/2010;14.82
27/04/2010;15.37
28/04/2010;17.48
29/04/2010;17.51
30/04/2010;14.85
01/05/2010;12.61
02/05/2010;10.83
03/05/2010;5.64
04/05/2010;3.68
05/05/2010;5.14
06/05/2010;4.8
07/05/2010;6.08
08/05/2010;9.04
09/05/2010;10.41
10/05/2010;8.75
11/05/2010;9.25
12/05/2010;7.24
13/05/2010;4.42
14/05/2010;5.33
15/05/2010;6.62
16/05/2010;8.11
17/05/2010;10.45
18/05/2010;12.32
19/05/2010;12.78
20/05/2010;14.38
21/05/2010;15.68
22/05/2010;17.01
23/05/2010;17.73
24/05/2010;18.67
25/05/2010;15.78
26/05/2010;14.18
27/05/2010;13.89
28/05/2010;13.75
29/05/2010;14.65
30/05/2010;17.68
31/05/2010;19.17
01/06/2010;18.46
02/06/2010;17.9
03/06/2010;19.05
04/06/2010;19.73
05/06/2010;21.25
06/06/2010;15.92
07/06/2010;17.53
08/06/2010;14.62
09/06/2010;13.51
10/06/2010;11.68
11/06/2010;11
12/06/2010;12.14
13/06/2010;15.2
14/06/2010;12.55
15/06/2010;8.85
16/06/2010;9.02
17/06/2010;14.65
18/06/2010;13.98
19/06/2010;13.18
20/06/2010;11.77
21/06/2010;13.43
22/06/2010;16.3
23/06/2010;16.65
24/06/2010;19.15
25/06/2010;20.32
26/06/2010;19.46
27/06/2010;18.8
28/06/2010;20.17
29/06/2010;20.31
30/06/2010;20.91
01/07/2010;23.1
02/07/2010;19.72
03/07/2010;20.64
04/07/2010;21.37
05/07/2010;20.06
06/07/2010;20.46
07/07/2010;23.48
08/07/2010;26.01
09/07/2010;23.14
10/07/2010;24.42
11/07/2010;24.47
12/07/2010;22.13
13/07/2010;20.93
14/07/2010;18.82
15/07/2010;18.29
16/07/2010;19.59
17/07/2010;18.19
18/07/2010;22.01
19/07/2010;23.61
20/07/2010;22.96
21/07/2010;19.18
22/07/2010;15.53
23/07/2010;16.3
24/07/2010;16.7
25/07/2010;18.43
26/07/2010;18.73
27/07/2010;19.99
28/07/2010;21.91
29/07/2010;19.76
30/07/2010;20.27
31/07/2010;22.59
01/08/2010;22.2
02/08/2010;17.7
03/08/2010;17.74
04/08/2010;18.2
05/08/2010;17.3
06/08/2010;17.67
07/08/2010;21.43
08/08/2010;22.7
09/08/2010;22.63
10/08/2010;22.06
11/08/2010;20.6
12/08/2010;17.5
13/08/2010;15.11
14/08/2010;14.66
15/08/2010;15.02
16/08/2010;16.38
17/08/2010;18.57
18/08/2010;19.8
19/08/2010;19.62
20/08/2010;21.74
21/08/2010;24.44
22/08/2010;23.71
23/08/2010;21.15
24/08/2010;19.61
25/08/2010;21.76
26/08/2010;23.38
27/08/2010;21.26
28/08/2010;17.5
29/08/2010;17.58
30/08/2010;16.69
31/08/2010;16.55
01/09/2010;15.96
02/09/2010;18.73
03/09/2010;19.23
04/09/2010;19.49
05/09/2010;21.76
06/09/2010;20.06
07/09/2010;14.51
08/09/2010;12.98
09/09/2010;13.96
10/09/2010;15.09
11/09/2010;17.71
12/09/2010;16.59
13/09/2010;17.28
14/09/2010;16.92
15/09/2010;18.73
16/09/2010;17.45
17/09/2010;13.94
18/09/2010;13.4
19/09/2010;13
20/09/2010;15.88
21/09/2010;16.14
22/09/2010;16.99
23/09/2010;16.2
24/09/2010;14.55
25/09/2010;10.08
26/09/2010;8.98
27/09/2010;7.59
28/09/2010;10
29/09/2010;12.57
30/09/2010;12
01/10/2010;12.94
02/10/2010;16.05
03/10/2010;13.06
04/10/2010;11.87
05/10/2010;11.23
06/10/2010;12.3
07/10/2010;15.44
08/10/2010;18.03
09/10/2010;13.9
10/10/2010;9.31
11/10/2010;10.55
12/10/2010;12.15
13/10/2010;12.61
14/10/2010;8.51
15/10/2010;9.49
16/10/2010;8.3
17/10/2010;7.08
18/10/2010;5.23
19/10/2010;6.8
20/10/2010;5.9
21/10/2010;6.88
22/10/2010;8.55
23/10/2010;8.28
24/10/2010;9.16
25/10/2010;6.16
26/10/2010;3.78
27/10/2010;6.94
28/10/2010;10.19
29/10/2010;9.78
30/10/2010;8.43
31/10/2010;8.32
01/11/2010;9.03
02/11/2010;9.25
03/11/2010;8.35
04/11/2010;9.51
05/11/2010;8.79
06/11/2010;7.49
07/11/2010;6.68
08/11/2010;6.39
09/11/2010;6.82
10/11/2010;4.04
11/11/2010;5.23
12/11/2010;9.97
13/11/2010;9.71
14/11/2010;7.13
15/11/2010;2.92
16/11/2010;2.96
17/11/2010;4.74
18/11/2010;3.9
19/11/2010;5.46
20/11/2010;6.73
21/11/2010;4.73
22/11/2010;2.35
23/11/2010;1.91
24/11/2010;0.49
25/11/2010;0.83
26/11/2010;-1.04
27/11/2010;-2.36
28/11/2010;-2.34
29/11/2010;-1.31
30/11/2010;1.46
01/12/2010;0.98
02/12/2010;-0.45
03/12/2010;-3.75
04/12/2010;-0.61
05/12/2010;5.69
06/12/2010;11.12
07/12/2010;10.35
08/12/2010;9.98
09/12/2010;5.08
10/12/2010;4.99
11/12/2010;4.83
12/12/2010;5.65
13/12/2010;6.45
14/12/2010;1.72
15/12/2010;-0.43
16/12/2010;-2.24
17/12/2010;-2.07
18/12/2010;-0.5
19/12/2010;-2.48
20/12/2010;4.42
21/12/2010;6.8
22/12/2010;7.77
23/12/2010;2.38
24/12/2010;0.37
25/12/2010;-1.72
26/12/2010;-2.91
27/12/2010;-0.85
28/12/2010;2.6
29/12/2010;4.82
30/12/2010;3.6
31/12/2010;6.89
01/01/2011;5.04
02/01/2011;4.47
03/01/2011;2.17
04/01/2011;5.65
05/01/2011;8.21
06/01/2011;10.3
07/01/2011;9.37
08/01/2011;8.73
09/01/2011;5.54
10/01/2011;4.22
11/01/2011;8.07
12/01/2011;6.57
13/01/2011;5.69
14/01/2011;3.07
15/01/2011;2.81
16/01/2011;1.52
17/01/2011;4.4
18/01/2011;5.37
19/01/2011;5.8
20/01/2011;3.87
21/01/2011;-1.25
22/01/2011;-2.17
23/01/2011;-1.27
24/01/2011;-1.6
25/01/2011;-2.25
26/01/2011;-3.31
27/01/2011;-0.49
28/01/2011;1.93
29/01/2011;1.46
30/01/2011;1.31
31/01/2011;0.65
01/02/2011;1.51
02/02/2011;3.19
03/02/2011;3.5
04/02/2011;0.74
05/02/2011;1.95
06/02/2011;2.34
07/02/2011;3.67
08/02/2011;3.34
09/02/2011;3.17
10/02/2011;3.32
11/02/2011;3.02
12/02/2011;2.39
13/02/2011;4.84
14/02/2011;1.8
15/02/2011;3.92
16/02/2011;2.92
17/02/2011;2.11
18/02/2011;2.69
19/02/2011;7.03
20/02/2011;5.72
21/02/2011;5.23
22/02/2011;9.25
23/02/2011;6.91
24/02/2011;5.67
25/02/2011;6.63
26/02/2011;6.93
27/02/2011;4.39
28/02/2011;1.89
01/03/2011;1.25
02/03/2011;2.56
03/03/2011;0.99
04/03/2011;1.74
05/03/2011;4.82
06/03/2011;4.01
07/03/2011;7.52
08/03/2011;8.04
09/03/2011;8.21
10/03/2011;7.44
11/03/2011;6.96
12/03/2011;7.48
13/03/2011;7.41
14/03/2011;8.91
15/03/2011;7.2
16/03/2011;6.52
17/03/2011;7.23
18/03/2011;6.68
19/03/2011;8.17
20/03/2011;7.45
21/03/2011;6.41
22/03/2011;6.18
23/03/2011;7.09
24/03/2011;7.75
25/03/2011;10.27
26/03/2011;9.98
27/03/2011;7.17
28/03/2011;7.01
29/03/2011;9.67
30/03/2011;10.28
31/03/2011;10.16
01/04/2011;14.08
02/04/2011;14.45
03/04/2011;8.3
04/04/2011;10.15
05/04/2011;13.6
06/04/2011;16.15
07/04/2011;16.42
08/04/2011;16.72
09/04/2011;16.12
10/04/2011;12.34
11/04/2011;11.29
12/04/2011;11.46
13/04/2011;10.77
14/04/2011;11.22
15/04/2011;8.75
16/04/2011;10.95
17/04/2011;14.76
18/04/2011;15.59
19/04/2011;13
20/04/2011;11.66
21/04/2011;12.8
22/04/2011;9.43
23/04/2011;10.13
24/04/2011;10.81
25/04/2011;11.27
26/04/2011;12.27
27/04/2011;12.98
28/04/2011;11.71
29/04/2011;12.25
30/04/2011;10.95
01/05/2011;11.56
02/05/2011;11.81
03/05/2011;12.03
04/05/2011;11.92
05/05/2011;14.27
06/05/2011;15.69
07/05/2011;12.76
08/05/2011;11.98
09/05/2011;14.42
10/05/2011;17.81
11/05/2011;18.28
12/05/2011;14.86
13/05/2011;16.69
14/05/2011;11.61
15/05/2011;9.72
16/05/2011;12.24
17/05/2011;16.34
18/05/2011;16.69
19/05/2011;15.74
20/05/2011;14.76
21/05/2011;16.02
22/05/2011;15.93
23/05/2011;17.07
24/05/2011;17.73
25/05/2011;19.71
26/05/2011;16.18
27/05/2011;12.85
28/05/2011;15.64
29/05/2011;16.31
30/05/2011;16.05
31/05/2011;12.29
01/06/2011;9.92
02/06/2011;13.39
03/06/2011;14.56
04/06/2011;15.1
05/06/2011;15.39
06/06/2011;14.14
07/06/2011;12.37
08/06/2011;12.22
09/06/2011;13.31
10/06/2011;12.9
11/06/2011;14.26
12/06/2011;19.04
13/06/2011;18.17
14/06/2011;18.13
15/06/2011;19.35
16/06/2011;16.75
17/06/2011;18.35
18/06/2011;15.46
19/06/2011;17.32
20/06/2011;21.2
21/06/2011;21.7
22/06/2011;17.68
23/06/2011;15.36
24/06/2011;17.69
25/06/2011;22.85
26/06/2011;27.07
27/06/2011;25.44
28/06/2011;20.24
29/06/2011;13.34
30/06/2011;14.88
01/07/2011;18.55
02/07/2011;23.09
03/07/2011;20.17
04/07/2011;18.73
05/07/2011;21.22
06/07/2011;17.8
07/07/2011;15.32
08/07/2011;16.72
09/07/2011;19.92
10/07/2011;19.46
11/07/2011;21.83
12/07/2011;16.54
13/07/2011;13.71
14/07/2011;15.22
15/07/2011;18.09
16/07/2011;21.11
17/07/2011;16.89
18/07/2011;16.59
19/07/2011;15.9
20/07/2011;16.91
21/07/2011;16.87
22/07/2011;14.88
23/07/2011;14.75
24/07/2011;15.45
25/07/2011;18.44
26/07/2011;17.93
27/07/2011;17.42
28/07/2011;17.89
29/07/2011;19.92
30/07/2011;19.83
31/07/2011;19.53
01/08/2011;21.94
02/08/2011;18.94
03/08/2011;19.8
04/08/2011;20.79
05/08/2011;20.27
06/08/2011;19.8
07/08/2011;18.6
08/08/2011;16.29
09/08/2011;15.34
10/08/2011;18.12
11/08/2011;21.49
12/08/2011;22.89
13/08/2011;23.06
14/08/2011;21.77
15/08/2011;21.85
16/08/2011;23.41
17/08/2011;23.13
18/08/2011;19.68
19/08/2011;26.11
20/08/2011;25.11
21/08/2011;22.97
22/08/2011;18.96
23/08/2011;19.54
24/08/2011;18.78
25/08/2011;19.24
26/08/2011;15.82
27/08/2011;14.64
28/08/2011;16.91
29/08/2011;17.18
30/08/2011;17.87
31/08/2011;17.71
01/09/2011;18.33
02/09/2011;18.92
03/09/2011;16.82
04/09/2011;16.35
05/09/2011;14.59
06/09/2011;16.02
07/09/2011;16.94
08/09/2011;18.16
09/09/2011;19.83
10/09/2011;19.62
11/09/2011;16.35
12/09/2011;17.13
13/09/2011;19.05
14/09/2011;20.92
15/09/2011;21.81
16/09/2011;20.41
17/09/2011;18.87
18/09/2011;13.28
19/09/2011;11.35
20/09/2011;13.79
21/09/2011;17.23
22/09/2011;17.1
23/09/2011;17.86
24/09/2011;14.14
25/09/2011;14.16
26/09/2011;15.93
27/09/2011;17.96
28/09/2011;18.77
29/09/2011;17.23
30/09/2011;18.15
01/10/2011;17.59
02/10/2011;16.19
03/10/2011;15.48
04/10/2011;14.64
05/10/2011;14.45
06/10/2011;15.02
07/10/2011;11.94
08/10/2011;11.33
09/10/2011;12.52
10/10/2011;12.95
11/10/2011;13.99
12/10/2011;13.36
13/10/2011;12.99
14/10/2011;11.03
15/10/2011;11.7
16/10/2011;10.67
17/10/2011;10.85
18/10/2011;9.7
19/10/2011;9.55
20/10/2011;7.65
21/10/2011;5
22/10/2011;11.03
23/10/2011;13.83
24/10/2011;10.58
25/10/2011;7.26
26/10/2011;9.77
27/10/2011;10.39
28/10/2011;8.79
29/10/2011;7.73
30/10/2011;7.35
31/10/2011;10.33
01/11/2011;12.49
02/11/2011;13.4
03/11/2011;9.66
04/11/2011;8.91
05/11/2011;7.06
06/11/2011;7.65
07/11/2011;8.96
08/11/2011;6.96
09/11/2011;10.45
10/11/2011;11.33
11/11/2011;12.29
12/11/2011;13.4
13/11/2011;13.22
14/11/2011;10.92
15/11/2011;7.13
16/11/2011;7.16
17/11/2011;5.9
18/11/2011;7.61
19/11/2011;9.87
20/11/2011;10.74
21/11/2011;10.16
22/11/2011;8.69
23/11/2011;10.02
24/11/2011;6.04
25/11/2011;5.34
26/11/2011;4.26
27/11/2011;3.9
28/11/2011;2.47
29/11/2011;2.87
30/11/2011;4.04
01/12/2011;4.64
02/12/2011;4.56
03/12/2011;3.71
04/12/2011;5.12
05/12/2011;6.9
06/12/2011;5.45
07/12/2011;2.8
08/12/2011;1.96
09/12/2011;2.23
10/12/2011;5.5
11/12/2011;6.32
12/12/2011;6.89
13/12/2011;7.76
14/12/2011;7.38
15/12/2011;5.92
16/12/2011;6.6
17/12/2011;1.79
18/12/2011;-0.22
19/12/2011;-0.43
20/12/2011;0.5
21/12/2011;2.95
22/12/2011;4.01
23/12/2011;0.87
24/12/2011;3.56
25/12/2011;0.07
26/12/2011;-0.43
27/12/2011;0.07
28/12/2011;0.7
29/12/2011;2.24
30/12/2011;-1.07
31/12/2011;1.32
01/01/2012;3.71
02/01/2012;5.41
03/01/2012;3.57
04/01/2012;4.02
05/01/2012;4.76
06/01/2012;5.31
07/01/2012;5.85
08/01/2012;1.27
09/01/2012;0.12
10/01/2012;-0.29
11/01/2012;-0.13
12/01/2012;-0.71
13/01/2012;-1.17
14/01/2012;0.46
15/01/2012;1.25
16/01/2012;2.42
17/01/2012;1.8
18/01/2012;0.53
19/01/2012;6.6
20/01/2012;6.39
21/01/2012;3.9
22/01/2012;6.58
23/01/2012;3.66
24/01/2012;4.87
25/01/2012;0.01
26/01/2012;1.41
27/01/2012;2.28
28/01/2012;1.93
29/01/2012;1.33
30/01/2012;1.26
31/01/2012;0.18
01/02/2012;0.49
02/02/2012;-2.27
03/02/2012;-3.23
04/02/2012;-1.94
05/02/2012;0.73
06/02/2012;3.06
07/02/2012;-0.12
08/02/2012;-1.87
09/02/2012;-1.35
10/02/2012;-0.43
11/02/2012;-3.59
12/02/2012;-2.68
13/02/2012;-0.54
14/02/2012;1.58
15/02/2012;2.38
16/02/2012;2.56
17/02/2012;2.97
18/02/2012;0.64
19/02/2012;1.2
20/02/2012;1.01
21/02/2012;-0.32
22/02/2012;1.4
23/02/2012;4.15
24/02/2012;3.97
25/02/2012;7.38
26/02/2012;8.22
27/02/2012;6.94
28/02/2012;5.59
29/02/2012;6.36
01/03/2012;7.92
02/03/2012;7.24
03/03/2012;7.75
04/03/2012;7.73
05/03/2012;3.44
06/03/2012;2.48
07/03/2012;3.33
08/03/2012;5.18
09/03/2012;6.53
10/03/2012;7.48
11/03/2012;7.44
12/03/2012;7.59
13/03/2012;9.03
14/03/2012;9.75
15/03/2012;10.43
16/03/2012;9.81
17/03/2012;8.21
18/03/2012;4.62
19/03/2012;2.76
20/03/2012;3.93
21/03/2012;3.76
22/03/2012;5.44
23/03/2012;7.95
24/03/2012;11.21
25/03/2012;10.39
26/03/2012;10.38
27/03/2012;10.78
28/03/2012;10
29/03/2012;9.61
30/03/2012;11.14
31/03/2012;11.38
01/04/2012;10.78
02/04/2012;9.61
03/04/2012;8.36
04/04/2012;7.31
05/04/2012;6.16
06/04/2012;4.27
07/04/2012;3.2
08/04/2012;6.69
09/04/2012;10.17
10/04/2012;8.47
11/04/2012;5.74
12/04/2012;7.2
13/04/2012;5.73
14/04/2012;5.82
15/04/2012;3.4
16/04/2012;3.53
17/04/2012;7.12
18/04/2012;5.76
19/04/2012;8.26
20/04/2012;9.97
21/04/2012;10.35
22/04/2012;7.45
23/04/2012;7.57
24/04/2012;7.33
25/04/2012;9.23
26/04/2012;6.98
27/04/2012;6.12
28/04/2012;5.49
29/04/2012;6.21
30/04/2012;7.4
01/05/2012;8.06
02/05/2012;10.44
03/05/2012;9.89
04/05/2012;8.66
05/05/2012;9.02
06/05/2012;8.3
07/05/2012;10.99
08/05/2012;15.33
09/05/2012;16.01
10/05/2012;18.67
11/05/2012;20.98
12/05/2012;20.71
13/05/2012;15.85
14/05/2012;14.58
15/05/2012;11.97
16/05/2012;13.54
17/05/2012;18.23
18/05/2012;14.1
19/05/2012;10.99
20/05/2012;7.02
21/05/2012;7.48
22/05/2012;11.43
23/05/2012;14.05
24/05/2012;15.06
25/05/2012;18.16
26/05/2012;13.58
27/05/2012;12.95
28/05/2012;16.55
29/05/2012;17.46
30/05/2012;19.23
31/05/2012;20.56
01/06/2012;21.44
02/06/2012;20.84
03/06/2012;16.48
04/06/2012;15.79
05/06/2012;18.59
06/06/2012;17.59
07/06/2012;16.97
08/06/2012;13.63
09/06/2012;13.98
10/06/2012;18.08
11/06/2012;14.06
12/06/2012;12.82
13/06/2012;14.07
14/06/2012;17.98
15/06/2012;17.92
16/06/2012;17.72
17/06/2012;19.23
18/06/2012;17.43
19/06/2012;19.9
20/06/2012;19.49
21/06/2012;18.46
22/06/2012;16.04
23/06/2012;19.23
24/06/2012;21.21
25/06/2012;22.27
26/06/2012;24.19
27/06/2012;26.48
28/06/2012;23.68
29/06/2012;17.98
30/06/2012;14.52
01/07/2012;13.64
02/07/2012;16.7
03/07/2012;19.95
04/07/2012;18.79
05/07/2012;16.69
06/07/2012;15.72
07/07/2012;17.58
08/07/2012;16.75
09/07/2012;18.98
10/07/2012;17.78
11/07/2012;16.44
12/07/2012;17.91
13/07/2012;19.29
14/07/2012;17.58
15/07/2012;15.98
16/07/2012;18.89
17/07/2012;21.7
18/07/2012;23.62
19/07/2012;21.01
20/07/2012;17.84
21/07/2012;18.28
22/07/2012;18.42
23/07/2012;20.72
24/07/2012;21.54
25/07/2012;23.01
26/07/2012;27.16
27/07/2012;20.39
28/07/2012;18.69
29/07/2012;19.85
30/07/2012;21.14
31/07/2012;22.67
01/08/2012;19.75
02/08/2012;19.15
03/08/2012;19.66
04/08/2012;18.53
05/08/2012;18.94
06/08/2012;15.71
07/08/2012;25.67
08/08/2012;25.39
09/08/2012;24.83
10/08/2012;25.23
11/08/2012;23.05
12/08/2012;19.58
13/08/2012;18.72
14/08/2012;21.98
15/08/2012;17.44
16/08/2012;18.08
17/08/2012;22.93
18/08/2012;24.77
19/08/2012;27.04
20/08/2012;25.21
21/08/2012;23.78
22/08/2012;22.84
23/08/2012;20.99
24/08/2012;19.28
25/08/2012;19.34
26/08/2012;17.35
27/08/2012;20.1
28/08/2012;19.3
29/08/2012;19.78
30/08/2012;15.55
31/08/2012;14.01
01/09/2012;13.45
02/09/2012;14.21
03/09/2012;15.75
04/09/2012;15.98
05/09/2012;16.75
06/09/2012;18.48
07/09/2012;20.11
08/09/2012;19.92
09/09/2012;19.89
10/09/2012;17.82
11/09/2012;18.34
12/09/2012;16.78
13/09/2012;14.48
14/09/2012;16.51
15/09/2012;16.87
16/09/2012;17.22
17/09/2012;18.01
18/09/2012;16.47
19/09/2012;15.66
20/09/2012;18.35
21/09/2012;20.5
22/09/2012;18.47
23/09/2012;17.56
24/09/2012;14.85
25/09/2012;12.76
26/09/2012;10.14
27/09/2012;10.92
28/09/2012;13.02
29/09/2012;11.63
30/09/2012;10.74
01/10/2012;9.65
02/10/2012;12.05
03/10/2012;12.68
04/10/2012;12.42
05/10/2012;13.36
06/10/2012;14.23
07/10/2012;16.23
08/10/2012;18.42
09/10/2012;16.8
10/10/2012;17.44
11/10/2012;15.11
12/10/2012;11.95
13/10/2012;9.44
14/10/2012;8.92
15/10/2012;7.34
16/10/2012;11.08
17/10/2012;12.22
18/10/2012;11.73
19/10/2012;9.48
20/10/2012;9.13
21/10/2012;10.67
22/10/2012;10.7
23/10/2012;11.56
24/10/2012;12.69
25/10/2012;13.06
26/10/2012;11.71
27/10/2012;7.55
28/10/2012;2.62
29/10/2012;2.8
30/10/2012;3.6
31/10/2012;3.97
01/11/2012;8.57
02/11/2012;10.25
03/11/2012;12.07
04/11/2012;8.56
05/11/2012;5
06/11/2012;3.91
07/11/2012;5.46
08/11/2012;11.06
09/11/2012;10.4
10/11/2012;6.94
11/11/2012;3.94
12/11/2012;4.75
13/11/2012;4.49
14/11/2012;9.5
15/11/2012;11.31
16/11/2012;11.2
17/11/2012;9.76
18/11/2012;7.28
19/11/2012;4.17
20/11/2012;6.29
21/11/2012;6.66
22/11/2012;2.51
23/11/2012;6.45
24/11/2012;9.89
25/11/2012;10.13
26/11/2012;5.86
27/11/2012;1.25
28/11/2012;0.99
29/11/2012;2.22
30/11/2012;1.5
01/12/2012;1.24
02/12/2012;1.2
03/12/2012;2.46
04/12/2012;4.9
05/12/2012;2.06
06/12/2012;2
07/12/2012;6.29
08/12/2012;2.5
09/12/2012;0.79
10/12/2012;-0.82
11/12/2012;-0.52
12/12/2012;0.47
13/12/2012;5.28
14/12/2012;9.18
15/12/2012;8.51
16/12/2012;8.28
17/12/2012;5.81
18/12/2012;6.02
19/12/2012;8.87
20/12/2012;7.77
21/12/2012;8.88
22/12/2012;9.27
23/12/2012;6.82
24/12/2012;7.94
25/12/2012;5.02
26/12/2012;0.24
27/12/2012;3.31
28/12/2012;4.33
29/12/2012;2.21
30/12/2012;2.38
31/12/2012;4.74
01/01/2013;5.44
02/01/2013;3.95
03/01/2013;5.08
04/01/2013;1.85
05/01/2013;1.85
06/01/2013;-0.17
07/01/2013;-0.31
08/01/2013;0.74
09/01/2013;3.16
10/01/2013;6.35
11/01/2013;3
12/01/2013;4.89
13/01/2013;0.59
14/01/2013;1.66
15/01/2013;2.53
16/01/2013;5.37
17/01/2013;4.7
18/01/2013;9.38
19/01/2013;5.84
20/01/2013;2.61
21/01/2013;2.65
22/01/2013;0.13
23/01/2013;-0.2
24/01/2013;4.12
25/01/2013;1.84
26/01/2013;5.53
27/01/2013;5.3
28/01/2013;1.17
29/01/2013;3.41
30/01/2013;7.34
31/01/2013;8.59
01/02/2013;7.44
02/02/2013;1.7
03/02/2013;1.64
04/02/2013;4.49
05/02/2013;5.74
06/02/2013;2.34
07/02/2013;1.5
08/02/2013;1.8
09/02/2013;1.75
10/02/2013;1.92
11/02/2013;1.34
12/02/2013;1.34
13/02/2013;3.98
14/02/2013;2.96
15/02/2013;2.69
16/02/2013;3.51
17/02/2013;3.29
18/02/2013;6.39
19/02/2013;6.77
20/02/2013;5.94
21/02/2013;5.4
22/02/2013;4.54
23/02/2013;-1.25
24/02/2013;-1.14
25/02/2013;-0.15
26/02/2013;0.15
27/02/2013;1.63
28/02/2013;1.5
01/03/2013;2.4
02/03/2013;2.73
03/03/2013;6.4
04/03/2013;7.21
05/03/2013;9.88
06/03/2013;8.36
07/03/2013;9.66
08/03/2013;7.59
09/03/2013;7.48
10/03/2013;6.15
11/03/2013;6.15
12/03/2013;4.36
13/03/2013;-0.32
14/03/2013;1.38
15/03/2013;2.4
16/03/2013;5.05
17/03/2013;3.72
18/03/2013;3.73
19/03/2013;4.52
20/03/2013;5.26
21/03/2013;7.88
22/03/2013;6.75
23/03/2013;7.64
24/03/2013;6.8
25/03/2013;6.69
26/03/2013;9.26
27/03/2013;9.87
28/03/2013;10.16
29/03/2013;10.46
30/03/2013;9.17
31/03/2013;8.42
01/04/2013;7.66
02/04/2013;6.11
03/04/2013;6.78
04/04/2013;5.59
05/04/2013;1.89
06/04/2013;2.76
07/04/2013;4.03
08/04/2013;7.24
09/04/2013;8.22
10/04/2013;9.68
11/04/2013;9.59
12/04/2013;8.8
13/04/2013;10.92
14/04/2013;14.87
15/04/2013;14.46
16/04/2013;13.64
17/04/2013;15.64
18/04/2013;11.08
19/04/2013;7.67
20/04/2013;6.71
21/04/2013;7.3
22/04/2013;8.42
23/04/2013;10.18
24/04/2013;12.53
25/04/2013;13.25
26/04/2013;10.69
27/04/2013;3.41
28/04/2013;3.14
29/04/2013;4.2
30/04/2013;5.44
01/05/2013;7.3
02/05/2013;8.08
03/05/2013;7.64
04/05/2013;9.03
05/05/2013;10.71
06/05/2013;12.21
07/05/2013;14.86
08/05/2013;13.88
09/05/2013;11.2
10/05/2013;11
11/05/2013;10.05
12/05/2013;10.19
13/05/2013;12.2
14/05/2013;13.53
15/05/2013;7.21
16/05/2013;5.85
17/05/2013;6.3
18/05/2013;7.07
19/05/2013;5.86
20/05/2013;8.39
21/05/2013;7.3
22/05/2013;10.52
23/05/2013;9.76
24/05/2013;9.26
25/05/2013;8.96
26/05/2013;11.85
27/05/2013;12.15
28/05/2013;9.84
29/05/2013;7.7
30/05/2013;7.78
31/05/2013;8.69
01/06/2013;11.54
02/06/2013;11.23
03/06/2013;11.81
04/06/2013;13.25
05/06/2013;16.3
06/06/2013;15.87
07/06/2013;11.39
08/06/2013;10.48
09/06/2013;12.57
10/06/2013;12.75
11/06/2013;16.44
12/06/2013;18.43
13/06/2013;16.57
14/06/2013;17.58
15/06/2013;17.95
16/06/2013;19.88
17/06/2013;14.24
18/06/2013;11.17
19/06/2013;9.56
20/06/2013;13.99
21/06/2013;14.99
22/06/2013;15.92
23/06/2013;14.31
24/06/2013;13.34
25/06/2013;14.55
26/06/2013;14.52
27/06/2013;14.84
28/06/2013;15.62
29/06/2013;17.68
30/06/2013;18.73
01/07/2013;19.62
02/07/2013;20.74
03/07/2013;20.86
04/07/2013;21.22
05/07/2013;21.07
06/07/2013;22.74
07/07/2013;22.42
08/07/2013;21.58
09/07/2013;22.73
10/07/2013;22.96
11/07/2013;23.26
12/07/2013;22.81
13/07/2013;20.65
14/07/2013;20.8
15/07/2013;17.48
16/07/2013;19.48
17/07/2013;19.87
18/07/2013;19.86
19/07/2013;21.9
20/07/2013;22.65
21/07/2013;22.16
22/07/2013;21.15
23/07/2013;21.69
24/07/2013;21.49
25/07/2013;22.56
26/07/2013;21.35
27/07/2013;16.49
28/07/2013;14.94
29/07/2013;16.12
30/07/2013;19.44
31/07/2013;24.52
01/08/2013;25.05
02/08/2013;20.62
03/08/2013;18.28
04/08/2013;19.76
05/08/2013;20.22
06/08/2013;18.4
07/08/2013;16.16
08/08/2013;15.3
09/08/2013;17.95
10/08/2013;19.89
11/08/2013;21.62
12/08/2013;20.64
13/08/2013;19.81
14/08/2013;20.43
15/08/2013;21.49
16/08/2013;20.66
17/08/2013;19.64
18/08/2013;21.48
19/08/2013;18.99
20/08/2013;18.35
21/08/2013;20.47
22/08/2013;21
23/08/2013;20.13
24/08/2013;17.88
25/08/2013;16.37
26/08/2013;16.66
27/08/2013;16.26
28/08/2013;16.81
29/08/2013;16.5
30/08/2013;16.58
31/08/2013;15.79
01/09/2013;17.56
02/09/2013;16.76
03/09/2013;16.89
04/09/2013;20.46
05/09/2013;19.49
06/09/2013;16.2
07/09/2013;15.44
08/09/2013;14.26
09/09/2013;15.04
10/09/2013;15.83
11/09/2013;14.03
12/09/2013;13.76
13/09/2013;15.56
14/09/2013;16.67
15/09/2013;15.19
16/09/2013;15.12
17/09/2013;14.23
18/09/2013;14.91
19/09/2013;16.11
20/09/2013;16.35
21/09/2013;16.81
22/09/2013;16.25
23/09/2013;17.2
24/09/2013;19.48
25/09/2013;18.77
26/09/2013;18.54
27/09/2013;17.78
28/09/2013;13.48
29/09/2013;14.7
30/09/2013;16.93
01/10/2013;16.66
02/10/2013;17.61
03/10/2013;18.26
04/10/2013;15.03
05/10/2013;12.3
06/10/2013;12.2
07/10/2013;10.82
08/10/2013;10.53
09/10/2013;10.98
10/10/2013;10.32
11/10/2013;9.25
12/10/2013;7.77
13/10/2013;9.15
14/10/2013;13.18
15/10/2013;14.45
16/10/2013;16.09
17/10/2013;16.36
18/10/2013;15.37
19/10/2013;15
20/10/2013;12.82
21/10/2013;13.7
22/10/2013;12.48
23/10/2013;12.08
24/10/2013;14.29
25/10/2013;12.94
26/10/2013;11.68
27/10/2013;10.46
28/10/2013;9.09
29/10/2013;5.49
30/10/2013;5.32
31/10/2013;5.24
01/11/2013;8.88
02/11/2013;13.2
03/11/2013;10.62
04/11/2013;10.63
05/11/2013;14.2
06/11/2013;13.06
07/11/2013;11.69
08/11/2013;10.28
09/11/2013;5.93
10/11/2013;8.74
11/11/2013;8.35
12/11/2013;10.71
13/11/2013;10.29
14/11/2013;7.62
15/11/2013;3.95
16/11/2013;1.7
17/11/2013;5.5
18/11/2013;5.7
19/11/2013;4.44
20/11/2013;1.47
21/11/2013;2.76
22/11/2013;1.97
23/11/2013;1.94
24/11/2013;2.99
25/11/2013;3.23
26/11/2013;1.8
27/11/2013;0.92
28/11/2013;-1.25
29/11/2013;0.72
30/11/2013;4.12
01/12/2013;2.52
02/12/2013;1.87
03/12/2013;1.88
04/12/2013;2.59
05/12/2013;2.05
06/12/2013;0.14
07/12/2013;-2.43
08/12/2013;-1.59
09/12/2013;-1.42
10/12/2013;-1.25
11/12/2013;4.6
12/12/2013;0.15
13/12/2013;3.34
14/12/2013;2.85
15/12/2013;0.81
16/12/2013;1.96
17/12/2013;3.11
18/12/2013;5.91
19/12/2013;6.51
20/12/2013;1.87
21/12/2013;-0.87
22/12/2013;1.86
23/12/2013;5.93
24/12/2013;7.67
25/12/2013;3.55
26/12/2013;3.33
27/12/2013;9.3
28/12/2013;4.29
29/12/2013;0.32
30/12/2013;1.78
31/12/2013;5.25
01/01/2014;7.17
02/01/2014;9.05
03/01/2014;9.41
04/01/2014;4.68
05/01/2014;4.88
06/01/2014;8.94
07/01/2014;9.82
08/01/2014;9.2
09/01/2014;7.01
10/01/2014;4.4
11/01/2014;2.49
12/01/2014;4.76
13/01/2014;4.32
14/01/2014;6.01
15/01/2014;7
16/01/2014;4.22
17/01/2014;3.91
18/01/2014;3.2
19/01/2014;2
20/01/2014;2.32
21/01/2014;3.14
22/01/2014;4.43
23/01/2014;2.5
24/01/2014;4
25/01/2014;7.75
26/01/2014;5.7
27/01/2014;4.93
28/01/2014;2.73
29/01/2014;1.88
30/01/2014;1.92
31/01/2014;6.24
01/02/2014;4.58
02/02/2014;0.22
03/02/2014;1.12
04/02/2014;3.77
05/02/2014;5.44
06/02/2014;8.68
07/02/2014;4.5
08/02/2014;5.72
09/02/2014;2.89
10/02/2014;2.95
11/02/2014;1.18
12/02/2014;5.02
13/02/2014;9.42
14/02/2014;10.68
15/02/2014;4.65
16/02/2014;1.27
17/02/2014;3.4
18/02/2014;3.96
19/02/2014;3.36
20/02/2014;6.11
21/02/2014;3.92
22/02/2014;2.27
23/02/2014;4.63
24/02/2014;5.24
25/02/2014;4.64
26/02/2014;3.37
27/02/2014;5.58
28/02/2014;6.29
01/03/2014;6.13
02/03/2014;8.92
03/03/2014;4.71
04/03/2014;4.49
05/03/2014;6.8
06/03/2014;7.35
07/03/2014;7.82
08/03/2014;9
09/03/2014;9.57
10/03/2014;8.03
11/03/2014;9.11
12/03/2014;8.45
13/03/2014;7.01
14/03/2014;7.2
15/03/2014;7.76
16/03/2014;10.77
17/03/2014;10.42
18/03/2014;8.49
19/03/2014;9.49
20/03/2014;10.21
21/03/2014;11.23
22/03/2014;7.37
23/03/2014;3.64
24/03/2014;3.96
25/03/2014;3.89
26/03/2014;3.66
27/03/2014;4.16
28/03/2014;7.58
29/03/2014;8.05
30/03/2014;8.62
31/03/2014;10.1
01/04/2014;11.89
02/04/2014;9.72
03/04/2014;7.54
04/04/2014;7.05
05/04/2014;11.86
06/04/2014;12.74
07/04/2014;13.36
08/04/2014;11.88
09/04/2014;12.84
10/04/2014;14.72
11/04/2014;13.13
12/04/2014;11.01
13/04/2014;12.74
14/04/2014;13.65
15/04/2014;14.69
16/04/2014;15.31
17/04/2014;14.32
18/04/2014;13.45
19/04/2014;13.04
20/04/2014;9.25
21/04/2014;9.96
22/04/2014;9.02
23/04/2014;11.22
24/04/2014;9.89
25/04/2014;8
26/04/2014;10.11
27/04/2014;8.78
28/04/2014;11.68
29/04/2014;11.64
30/04/2014;12.07
01/05/2014;11.99
02/05/2014;9.47
03/05/2014;10.3
04/05/2014;10.59
05/05/2014;14.21
06/05/2014;15.35
07/05/2014;15.53
08/05/2014;16.18
09/05/2014;16.11
10/05/2014;16.93
11/05/2014;13.85
12/05/2014;11.49
13/05/2014;9.63
14/05/2014;10.88
15/05/2014;12.65
16/05/2014;12.71
17/05/2014;12.57
18/05/2014;13.77
19/05/2014;13.25
20/05/2014;11.65
21/05/2014;10.26
22/05/2014;8.68
23/05/2014;10.48
24/05/2014;10.22
25/05/2014;10.4
26/05/2014;10.55
27/05/2014;12.43
28/05/2014;10.92
29/05/2014;11.87
30/05/2014;11.82
31/05/2014;9.96
01/06/2014;12.63
02/06/2014;12.75
03/06/2014;16.02
04/06/2014;13.94
05/06/2014;15.79
06/06/2014;17.07
07/06/2014;16.18
08/06/2014;17.19
09/06/2014;15.92
10/06/2014;15.64
11/06/2014;20.46
12/06/2014;21.54
13/06/2014;21.27
14/06/2014;17.8
15/06/2014;16.06
16/06/2014;14.3
17/06/2014;15.91
18/06/2014;16.37
19/06/2014;19.43
20/06/2014;21.92
21/06/2014;20.28
22/06/2014;18.68
23/06/2014;19.79
24/06/2014;14.54
25/06/2014;15.79
26/06/2014;17.09
27/06/2014;19.37
28/06/2014;16.22
29/06/2014;14.71
30/06/2014;17.03
01/07/2014;17.19
02/07/2014;15
03/07/2014;15.6
04/07/2014;18.46
05/07/2014;19.6
06/07/2014;16.01
07/07/2014;14.45
08/07/2014;15.58
09/07/2014;14.61
10/07/2014;14.23
11/07/2014;15.83
12/07/2014;16.39
13/07/2014;18.99
14/07/2014;20.06
15/07/2014;22.18
